entry_time_cst,exit_time_cst,symbol,direction,entry_price,exit_price,quantity,pnl_usdt,outcome,duration_minutes
2026-05-04 15:17:54 CST,2026-05-05 01:06:37 CST,SKYAIUSDT,LONG,0.68059,0.54344,11.0,-0.2617,LOSS,588.72
2026-05-04 15:17:54 CST,2026-05-05 05:15:22 CST,SKYAIUSDT,LONG,0.62042478,0.52056,10.0,-0.2165,LOSS,837.47
2026-05-04 15:17:54 CST,2026-05-05 06:46:29 CST,SKYAIUSDT,LONG,0.5552249,0.55248,16.0,0.8037,WIN,928.59
2026-05-04 15:17:54 CST,2026-05-05 06:47:41 CST,SKYAIUSDT,LONG,0.5552249,0.57454,12.0,0.0,BREAKEVEN,929.78
2026-05-04 15:17:54 CST,2026-05-05 07:01:04 CST,SKYAIUSDT,SHORT,0.57132082,0.59846,1.0,-0.0239,LOSS,943.17
2026-05-04 15:17:54 CST,2026-05-05 07:15:11 CST,SKYAIUSDT,LONG,0.592044,0.62488,16.0,0.0,BREAKEVEN,957.29
2026-05-04 15:17:54 CST,2026-05-05 07:57:40 CST,SKYAIUSDT,LONG,0.63619238,0.66249,8.0,0.0,BREAKEVEN,999.77
2026-05-04 15:17:54 CST,2026-05-05 09:47:41 CST,SKYAIUSDT,LONG,0.64792862,0.68076,8.0,0.0,BREAKEVEN,1109.79
2026-05-04 15:17:54 CST,2026-05-05 10:10:12 CST,SKYAIUSDT,LONG,0.67352533,0.73577,9.0,0.0,BREAKEVEN,1132.31
2026-05-04 15:17:54 CST,2026-05-05 11:02:41 CST,SKYAIUSDT,LONG,0.71613162,0.81129,7.0,0.0,BREAKEVEN,1184.79
2026-05-04 15:17:54 CST,2026-05-05 19:15:13 CST,SKYAIUSDT,LONG,0.72460584,0.75404,7.0,0.0,BREAKEVEN,1677.33
2026-05-04 15:17:54 CST,2026-05-05 20:32:41 CST,SKYAIUSDT,LONG,0.74460723,0.78746,10.0,0.0,BREAKEVEN,1754.79
2026-05-04 15:17:54 CST,2026-05-05 23:10:10 CST,SKYAIUSDT,LONG,0.7658276,0.80245,8.0,0.0,BREAKEVEN,1912.28
2026-05-04 15:17:54 CST,2026-05-05 23:57:42 CST,SKYAIUSDT,LONG,0.79304756,0.84722,6.0,0.0,BREAKEVEN,1959.81
2026-05-04 15:17:54 CST,2026-05-06 02:10:52 CST,SKYAIUSDT,LONG,0.7675915,0.79605,8.0,0.579,WIN,2092.97
2026-05-04 15:17:54 CST,2026-05-06 02:17:41 CST,SKYAIUSDT,LONG,0.7675915,0.81369,9.0,0.0,BREAKEVEN,2099.79
2026-05-04 15:17:54 CST,2026-05-06 06:30:52 CST,SKYAIUSDT,LONG,0.74711259,0.8123,13.0,0.96,WIN,2352.97
2026-05-04 15:17:54 CST,2026-05-06 06:32:40 CST,SKYAIUSDT,LONG,0.74711259,0.80233,12.0,0.0,BREAKEVEN,2354.78
2026-05-04 15:17:54 CST,2026-05-06 09:52:42 CST,SKYAIUSDT,LONG,0.78051111,0.81528,9.0,0.0,BREAKEVEN,2554.8
2026-05-04 15:17:54 CST,2026-05-06 09:52:42 CST,SKYAIUSDT,LONG,0.78051111,0.81528,3.0,0.0,BREAKEVEN,2554.8
2026-05-04 15:17:54 CST,2026-05-06 11:52:41 CST,SKYAIUSDT,LONG,0.80111048,0.82011,7.0,0.0,BREAKEVEN,2674.79
2026-05-04 15:17:54 CST,2026-05-06 17:19:50 CST,SKYAIUSDT,LONG,0.76476431,0.7097,13.0,-0.3936,LOSS,3001.93
2026-05-04 15:17:54 CST,2026-05-06 17:32:42 CST,SKYAIUSDT,LONG,0.76476431,0.77044,12.0,0.0,BREAKEVEN,3014.81
2026-05-04 15:17:54 CST,2026-05-06 22:47:41 CST,SKYAIUSDT,LONG,0.77196756,0.77392,9.0,0.0,BREAKEVEN,3329.79
2026-05-04 15:17:54 CST,2026-05-07 01:10:37 CST,SKYAIUSDT,LONG,0.72521831,0.6718,14.0,-0.4451,LOSS,3472.72
2026-05-04 15:17:54 CST,2026-05-07 04:05:13 CST,SKYAIUSDT,LONG,0.72521831,0.6449,15.0,0.0,BREAKEVEN,3647.32
2026-05-04 15:17:54 CST,2026-05-07 04:55:03 CST,SKYAIUSDT,SHORT,0.72521831,0.67148,3.0,-0.0797,LOSS,3697.15
2026-05-04 15:17:54 CST,2026-05-07 05:07:41 CST,SKYAIUSDT,LONG,0.68223566,0.66171,15.0,0.0,BREAKEVEN,3709.79
2026-05-04 15:17:54 CST,2026-05-07 11:06:45 CST,SKYAIUSDT,LONG,0.59386774,0.56737,16.0,-0.3989,LOSS,4068.85
2026-05-04 15:17:54 CST,2026-05-07 11:47:15 CST,SKYAIUSDT,LONG,0.57774469,0.61652,14.0,0.7847,WIN,4109.36
2026-05-04 15:17:54 CST,2026-05-07 12:32:42 CST,SKYAIUSDT,LONG,0.57774469,0.63282,10.0,0.0,BREAKEVEN,4154.81
2026-05-04 15:17:54 CST,2026-05-07 15:12:36 CST,SKYAIUSDT,LONG,0.57035717,0.56616,10.0,-0.018,LOSS,4314.7
2026-05-04 15:17:54 CST,2026-05-07 15:12:36 CST,SKYAIUSDT,LONG,0.57035717,0.5661,2.0,-0.0037,LOSS,4314.7
2026-05-04 15:17:54 CST,2026-05-07 16:00:11 CST,SKYAIUSDT,LONG,0.57035717,0.57646,17.0,0.0,BREAKEVEN,4362.3
2026-05-04 15:17:54 CST,2026-05-07 20:45:04 CST,SKYAIUSDT,LONG,0.5697377,0.5594,13.0,-0.003,LOSS,4647.18
2026-05-04 15:17:54 CST,2026-05-07 21:22:41 CST,SKYAIUSDT,LONG,0.5697377,0.56973,9.0,0.0,BREAKEVEN,4684.78
2026-05-04 15:17:54 CST,2026-05-07 21:57:40 CST,SKYAIUSDT,LONG,0.58379108,0.6346,13.0,0.0,BREAKEVEN,4719.78
2026-05-04 15:17:58 CST,2026-05-05 19:15:11 CST,MAGMAUSDT,LONG,0.24319,0.24562,22.0,0.0,BREAKEVEN,1677.21
2026-05-04 15:17:58 CST,2026-05-05 21:32:40 CST,MAGMAUSDT,LONG,0.24511098,0.25131,20.0,0.0,BREAKEVEN,1814.69
2026-05-04 15:17:58 CST,2026-05-06 04:52:35 CST,MAGMAUSDT,LONG,0.24678433,0.24201,40.0,-0.104,LOSS,2254.61
2026-05-04 15:17:58 CST,2026-05-06 05:05:15 CST,MAGMAUSDT,LONG,0.24464917,0.24062,22.0,-0.0011,LOSS,2267.29
2026-05-04 15:17:58 CST,2026-05-06 07:20:11 CST,MAGMAUSDT,LONG,0.24464917,0.23861,41.0,0.0,BREAKEVEN,2402.21
2026-05-06 13:22:32 CST,2026-05-06 13:32:41 CST,MAGMAUSDT,LONG,0.23242,0.23333,25.0,0.0,BREAKEVEN,10.15
2026-05-06 13:22:32 CST,2026-05-06 17:47:41 CST,MAGMAUSDT,LONG,0.23318829,0.23336,42.0,0.0,BREAKEVEN,265.16
2026-05-06 13:22:32 CST,2026-05-06 19:35:11 CST,MAGMAUSDT,LONG,0.23383541,0.23513,42.0,0.0,BREAKEVEN,372.66
2026-05-06 13:22:32 CST,2026-05-06 22:35:12 CST,MAGMAUSDT,LONG,0.23536645,0.23567,41.0,0.0,BREAKEVEN,552.67
2026-05-06 22:35:12 CST,2026-05-07 00:20:12 CST,MAGMAUSDT,LONG,0.23948907,0.24088,27.0,0.0,BREAKEVEN,105.0
2026-05-06 22:35:12 CST,2026-05-07 02:20:15 CST,MAGMAUSDT,LONG,0.24407965,0.24926,40.0,0.0,BREAKEVEN,225.05
2026-05-06 22:35:12 CST,2026-05-07 04:32:43 CST,MAGMAUSDT,LONG,0.24932649,0.25025,21.0,0.0,BREAKEVEN,357.52
2026-05-06 22:35:12 CST,2026-05-07 06:25:12 CST,MAGMAUSDT,LONG,0.25330355,0.26253,20.0,0.0,BREAKEVEN,470.0
2026-05-06 22:35:12 CST,2026-05-07 14:45:07 CST,MAGMAUSDT,LONG,0.24672331,0.23886,24.0,-0.083,LOSS,969.92
2026-05-06 22:35:12 CST,2026-05-07 16:32:36 CST,MAGMAUSDT,LONG,0.2420325,0.23714,42.0,-0.0038,LOSS,1077.41
2026-05-06 22:35:12 CST,2026-05-07 18:22:37 CST,MAGMAUSDT,LONG,0.23889044,0.234,23.0,-0.0385,LOSS,1187.41
2026-05-06 22:35:12 CST,2026-05-07 18:22:37 CST,MAGMAUSDT,LONG,0.23889044,0.23394,19.0,-0.0329,LOSS,1187.41
2026-05-06 22:35:12 CST,2026-05-07 20:10:06 CST,MAGMAUSDT,LONG,0.23650191,0.22974,30.0,-0.1258,LOSS,1294.89
2026-05-06 22:35:12 CST,2026-05-07 20:10:06 CST,MAGMAUSDT,LONG,0.23650191,0.22971,10.0,-0.0422,LOSS,1294.89
2026-05-06 22:35:12 CST,2026-05-07 21:30:16 CST,MAGMAUSDT,LONG,0.23270571,0.21766,31.0,-0.3032,LOSS,1375.06
2026-05-06 22:35:12 CST,2026-05-08 01:29:00 CST,MAGMAUSDT,LONG,0.2223295,0.23389,46.0,0.978,WIN,1613.8
2026-05-06 22:35:12 CST,2026-05-08 01:45:13 CST,MAGMAUSDT,LONG,0.2223295,0.23703,30.0,0.0,BREAKEVEN,1630.01
2026-05-06 22:35:12 CST,2026-05-08 09:42:41 CST,MAGMAUSDT,LONG,0.22914613,0.23368,24.0,0.0,BREAKEVEN,2107.49
2026-05-04 15:18:01 CST,2026-05-04 16:27:38 CST,BRUSDT,LONG,0.20540896,0.20847,25.0,0.0,BREAKEVEN,69.62
2026-05-04 15:18:01 CST,2026-05-04 19:52:39 CST,BRUSDT,LONG,0.20714388,0.213,24.0,0.0,BREAKEVEN,274.64
2026-05-04 15:18:01 CST,2026-05-05 01:40:10 CST,BRUSDT,LONG,0.21025194,0.20768,14.0,0.0,BREAKEVEN,622.15
2026-05-04 15:18:01 CST,2026-05-05 01:40:10 CST,BRUSDT,LONG,0.21025194,0.20767,25.0,0.0,BREAKEVEN,622.15
2026-05-04 15:18:01 CST,2026-05-05 01:40:10 CST,BRUSDT,LONG,0.21025194,0.20766,1.0,0.0,BREAKEVEN,622.15
2026-05-04 15:18:01 CST,2026-05-05 04:17:39 CST,BRUSDT,LONG,0.20905866,0.20973,30.0,0.0,BREAKEVEN,779.65
2026-05-04 15:18:01 CST,2026-05-05 06:42:39 CST,BRUSDT,LONG,0.21060325,0.21327,27.0,0.0,BREAKEVEN,924.65
2026-05-04 15:18:01 CST,2026-05-05 10:27:36 CST,BRUSDT,LONG,0.197964,0.18594,28.0,-0.2374,LOSS,1149.59
2026-05-04 15:18:01 CST,2026-05-05 10:27:36 CST,BRUSDT,LONG,0.197964,0.18594,1.0,-0.0085,LOSS,1149.59
2026-05-04 15:18:01 CST,2026-05-05 16:40:10 CST,BRUSDT,LONG,0.197964,0.18324,39.0,0.0,BREAKEVEN,1522.15
2026-05-04 15:18:01 CST,2026-05-06 00:45:08 CST,BRUSDT,LONG,0.18050224,0.1715,35.0,-0.1627,LOSS,2007.12
2026-05-04 15:18:01 CST,2026-05-06 02:42:37 CST,BRUSDT,LONG,0.17537379,0.16997,27.0,-0.0103,LOSS,2124.6
2026-05-04 15:18:01 CST,2026-05-06 02:42:37 CST,BRUSDT,LONG,0.17537379,0.16996,22.0,-0.0086,LOSS,2124.6
2026-05-04 15:18:01 CST,2026-05-06 04:30:05 CST,BRUSDT,LONG,0.17215373,0.1635,33.0,-0.131,LOSS,2232.07
2026-05-04 15:18:01 CST,2026-05-06 06:05:10 CST,BRUSDT,LONG,0.17215373,0.17473,3.0,0.0,BREAKEVEN,2327.16
2026-05-04 15:18:01 CST,2026-05-06 06:05:10 CST,BRUSDT,LONG,0.17215373,0.17472,27.0,0.0,BREAKEVEN,2327.16
2026-05-04 15:18:01 CST,2026-05-06 10:35:11 CST,BRUSDT,LONG,0.1628389,0.16218,31.0,0.0,BREAKEVEN,2597.18
2026-05-04 15:18:01 CST,2026-05-06 10:35:11 CST,BRUSDT,LONG,0.1628389,0.16217,30.0,0.0,BREAKEVEN,2597.18
2026-05-04 15:18:01 CST,2026-05-06 11:52:41 CST,BRUSDT,LONG,0.17050363,0.1678,35.0,0.0,BREAKEVEN,2674.68
2026-05-04 15:18:01 CST,2026-05-06 19:25:10 CST,BRUSDT,LONG,0.16414265,0.16283,61.0,0.0,BREAKEVEN,3127.16
2026-05-04 15:18:01 CST,2026-05-06 21:45:11 CST,BRUSDT,LONG,0.16642032,0.1685,30.0,0.0,BREAKEVEN,3267.18
2026-05-04 15:18:01 CST,2026-05-06 21:45:11 CST,BRUSDT,LONG,0.16642032,0.16849,29.0,0.0,BREAKEVEN,3267.18
2026-05-04 15:18:01 CST,2026-05-06 23:32:42 CST,BRUSDT,LONG,0.17298368,0.17291,57.0,0.0,BREAKEVEN,3374.7
2026-05-04 15:18:01 CST,2026-05-07 09:40:05 CST,BRUSDT,LONG,0.15998608,0.15817,39.0,-0.0246,LOSS,3982.08
2026-05-04 15:18:01 CST,2026-05-07 09:40:05 CST,BRUSDT,LONG,0.15998608,0.15816,21.0,-0.0134,LOSS,3982.08
2026-05-04 15:18:01 CST,2026-05-07 14:35:03 CST,BRUSDT,LONG,0.15762537,0.15572,64.0,-0.0086,LOSS,4277.05
2026-05-04 15:18:01 CST,2026-05-07 21:02:32 CST,BRUSDT,LONG,0.15658802,0.15857,27.0,0.0745,WIN,4664.53
2026-05-04 15:18:01 CST,2026-05-07 21:02:32 CST,BRUSDT,LONG,0.15658802,0.15857,37.0,0.1021,WIN,4664.53
2026-05-04 15:18:01 CST,2026-05-07 21:37:40 CST,BRUSDT,LONG,0.15658802,0.16216,31.0,0.0,BREAKEVEN,4699.66
2026-05-04 15:18:01 CST,2026-05-07 21:37:40 CST,BRUSDT,LONG,0.15658802,0.16215,13.0,0.0,BREAKEVEN,4699.66
2026-05-04 15:18:01 CST,2026-05-07 22:47:41 CST,BRUSDT,LONG,0.16785567,0.16628,44.0,0.0,BREAKEVEN,4769.68
2026-05-04 15:18:01 CST,2026-05-08 02:02:41 CST,BRUSDT,LONG,0.16649797,0.16724,54.0,0.0,BREAKEVEN,4964.68
2026-05-04 15:18:01 CST,2026-05-08 08:42:40 CST,BRUSDT,LONG,0.15620338,0.15762,35.0,0.0,BREAKEVEN,5364.66
2026-05-04 15:18:01 CST,2026-05-08 08:42:40 CST,BRUSDT,LONG,0.15620338,0.15762,2.0,0.0,BREAKEVEN,5364.66
2026-05-04 15:20:56 CST,2026-05-05 00:00:07 CST,RAVEUSDT,LONG,0.8184,0.7119,13.0,-0.1703,LOSS,519.19
2026-05-04 15:20:56 CST,2026-05-05 02:25:13 CST,RAVEUSDT,LONG,0.8184,0.7042,8.0,0.0,BREAKEVEN,664.28
2026-05-04 15:20:56 CST,2026-05-05 04:25:08 CST,RAVEUSDT,LONG,0.75064615,0.7162,7.0,0.0,BREAKEVEN,784.2
2026-05-04 15:20:56 CST,2026-05-05 07:05:09 CST,RAVEUSDT,LONG,0.73220592,0.7232,12.0,0.0,BREAKEVEN,944.22
2026-05-04 15:20:56 CST,2026-05-05 09:30:10 CST,RAVEUSDT,LONG,0.72712353,0.7292,8.0,0.0,BREAKEVEN,1089.23
2026-05-04 15:20:56 CST,2026-05-05 09:47:40 CST,RAVEUSDT,LONG,0.74747828,0.7573,7.0,0.0,BREAKEVEN,1106.74
2026-05-04 15:20:56 CST,2026-05-05 18:15:05 CST,RAVEUSDT,LONG,0.71748999,0.6932,10.0,-0.023,LOSS,1614.15
2026-05-04 15:20:56 CST,2026-05-06 05:30:02 CST,RAVEUSDT,LONG,0.68208464,0.6578,8.0,0.0512,WIN,2289.1
2026-05-04 15:20:56 CST,2026-05-06 05:30:02 CST,RAVEUSDT,LONG,0.68208464,0.6578,7.0,0.0448,WIN,2289.1
2026-05-04 15:20:56 CST,2026-05-06 07:52:41 CST,RAVEUSDT,LONG,0.68208464,0.6558,8.0,0.0,BREAKEVEN,2431.76
2026-05-04 15:20:56 CST,2026-05-06 07:52:41 CST,RAVEUSDT,LONG,0.68208464,0.6558,1.0,0.0,BREAKEVEN,2431.76
2026-05-04 15:20:56 CST,2026-05-06 11:07:41 CST,RAVEUSDT,LONG,0.6661722,0.6522,15.0,0.0,BREAKEVEN,2626.76
2026-05-04 15:20:56 CST,2026-05-06 15:32:37 CST,RAVEUSDT,LONG,0.65353056,0.6463,15.0,-0.0742,LOSS,2891.68
2026-05-04 15:20:56 CST,2026-05-06 18:40:05 CST,RAVEUSDT,LONG,0.64681776,0.6408,15.0,-0.003,LOSS,3079.15
2026-05-04 15:20:56 CST,2026-05-06 18:52:42 CST,RAVEUSDT,LONG,0.64681776,0.645,15.0,0.0,BREAKEVEN,3091.76
2026-05-04 15:20:56 CST,2026-05-06 23:45:13 CST,RAVEUSDT,LONG,0.64598958,0.6417,13.0,0.0,BREAKEVEN,3384.29
2026-05-07 01:17:36 CST,2026-05-07 01:32:42 CST,RAVEUSDT,LONG,0.6537,0.6512,15.0,0.0,BREAKEVEN,15.1
2026-05-07 01:17:36 CST,2026-05-07 04:47:41 CST,RAVEUSDT,LONG,0.65663846,0.6608,8.0,0.0,BREAKEVEN,210.08
2026-05-07 01:17:36 CST,2026-05-07 06:32:43 CST,RAVEUSDT,LONG,0.66332249,0.6684,12.0,0.0,BREAKEVEN,315.12
2026-05-07 01:17:36 CST,2026-05-07 08:45:12 CST,RAVEUSDT,LONG,0.66810173,0.6758,8.0,0.0,BREAKEVEN,447.59
2026-05-07 01:17:36 CST,2026-05-07 08:45:12 CST,RAVEUSDT,LONG,0.66810173,0.6758,6.0,0.0,BREAKEVEN,447.59
2026-05-07 01:17:36 CST,2026-05-07 10:35:12 CST,RAVEUSDT,LONG,0.6830691,0.6754,12.0,0.0,BREAKEVEN,557.6
2026-05-07 01:17:36 CST,2026-05-07 12:47:41 CST,RAVEUSDT,LONG,0.67894378,0.6816,14.0,0.0,BREAKEVEN,690.08
2026-05-07 01:17:36 CST,2026-05-07 19:00:12 CST,RAVEUSDT,LONG,0.66941971,0.6778,9.0,0.0,BREAKEVEN,1062.59
2026-05-07 01:17:36 CST,2026-05-07 20:50:11 CST,RAVEUSDT,LONG,0.67681376,0.6858,13.0,0.0,BREAKEVEN,1172.59
2026-05-07 22:40:05 CST,2026-05-07 23:00:14 CST,RAVEUSDT,LONG,0.6878,0.691,10.0,0.0,BREAKEVEN,20.15
2026-05-07 22:40:05 CST,2026-05-08 01:17:41 CST,RAVEUSDT,LONG,0.69718462,0.729,10.0,0.0,BREAKEVEN,157.6
2026-05-04 15:20:59 CST,2026-05-04 17:00:12 CST,GIGGLEUSDT,LONG,39.27,40.19,0.16,0.0,BREAKEVEN,99.22
2026-05-04 21:52:49 CST,2026-05-04 22:32:40 CST,GIGGLEUSDT,LONG,36.17,37.45,0.16,0.0,BREAKEVEN,39.86
2026-05-05 00:05:05 CST,2026-05-05 03:15:11 CST,GIGGLEUSDT,LONG,37.65,37.24,0.18,0.0,BREAKEVEN,190.11
2026-05-05 00:05:05 CST,2026-05-05 12:35:07 CST,GIGGLEUSDT,LONG,35.6071875,34.87,0.16,-0.032,LOSS,750.04
2026-05-05 00:05:05 CST,2026-05-05 13:50:10 CST,GIGGLEUSDT,LONG,35.6071875,34.95,0.16,0.0,BREAKEVEN,825.08
2026-05-05 15:22:35 CST,2026-05-05 17:00:12 CST,GIGGLEUSDT,LONG,35.36,35.48,0.17,0.0,BREAKEVEN,97.61
2026-05-05 15:22:35 CST,2026-05-05 19:30:11 CST,GIGGLEUSDT,LONG,35.615,36.04,0.15,0.0,BREAKEVEN,247.6
2026-05-05 15:22:35 CST,2026-05-05 21:30:09 CST,GIGGLEUSDT,LONG,37.20704545,37.53,0.21,0.0,BREAKEVEN,367.57
2026-05-05 15:22:35 CST,2026-05-06 03:57:41 CST,GIGGLEUSDT,LONG,36.50350207,37.03,0.16,0.0,BREAKEVEN,755.1
2026-05-06 10:00:02 CST,2026-05-06 10:40:12 CST,GIGGLEUSDT,LONG,34.75,35.12,0.24,0.0,BREAKEVEN,40.16
2026-05-06 10:00:02 CST,2026-05-06 12:27:42 CST,GIGGLEUSDT,LONG,37.0,36.01,0.23,0.0,BREAKEVEN,147.66
2026-05-06 10:00:02 CST,2026-05-06 14:42:42 CST,GIGGLEUSDT,LONG,35.893125,36.41,0.27,0.0,BREAKEVEN,282.66
2026-05-06 10:00:02 CST,2026-05-06 19:42:35 CST,GIGGLEUSDT,LONG,37.04454942,36.55,0.27,-0.0162,LOSS,582.55
2026-05-06 10:00:02 CST,2026-05-06 19:55:11 CST,GIGGLEUSDT,LONG,37.04454942,37.08,0.26,0.0,BREAKEVEN,595.15
2026-05-06 10:00:02 CST,2026-05-07 01:57:44 CST,GIGGLEUSDT,LONG,35.88340661,36.31,0.27,0.0,BREAKEVEN,957.71
2026-05-06 10:00:02 CST,2026-05-07 08:45:04 CST,GIGGLEUSDT,LONG,36.29492023,35.81,0.15,-0.0045,LOSS,1365.03
2026-05-06 10:00:02 CST,2026-05-07 15:45:03 CST,GIGGLEUSDT,LONG,35.65167782,35.79,0.19,0.1292,WIN,1785.02
2026-05-06 10:00:02 CST,2026-05-07 22:10:02 CST,GIGGLEUSDT,LONG,35.50424648,36.41,0.28,0.2772,WIN,2170.0
2026-05-06 10:00:02 CST,2026-05-07 22:40:12 CST,GIGGLEUSDT,LONG,35.50424648,36.72,0.27,0.0,BREAKEVEN,2200.16
2026-05-06 10:00:02 CST,2026-05-08 00:27:41 CST,GIGGLEUSDT,LONG,37.89333054,37.4,0.14,0.0,BREAKEVEN,2307.66
2026-05-06 10:00:02 CST,2026-05-08 02:45:11 CST,GIGGLEUSDT,LONG,37.53166632,37.57,0.17,0.0,BREAKEVEN,2445.15
2026-05-06 10:00:02 CST,2026-05-08 05:20:12 CST,GIGGLEUSDT,LONG,38.20989586,38.03,0.2,0.0,BREAKEVEN,2600.16
2026-05-06 10:00:02 CST,2026-05-08 07:32:40 CST,GIGGLEUSDT,LONG,38.14752604,38.26,0.26,0.0,BREAKEVEN,2732.64
2026-05-04 15:21:02 CST,2026-05-04 16:27:36 CST,STABLEUSDT,LONG,0.03379,0.03459,154.0,0.0,BREAKEVEN,66.58
2026-05-04 15:21:02 CST,2026-05-05 00:10:15 CST,STABLEUSDT,LONG,0.03406137,0.03374,154.0,-0.0015,LOSS,529.22
2026-05-04 15:21:02 CST,2026-05-05 04:20:03 CST,STABLEUSDT,LONG,0.03393462,0.03367,161.0,-0.0046,LOSS,779.02
2026-05-04 15:21:02 CST,2026-05-05 11:52:41 CST,STABLEUSDT,LONG,0.03393462,0.0341,200.0,0.0,BREAKEVEN,1231.66
2026-05-04 15:21:02 CST,2026-05-07 10:35:02 CST,STABLEUSDT,LONG,0.03339338,0.03306,168.0,0.0974,WIN,4034.0
2026-05-04 15:21:02 CST,2026-05-07 17:17:38 CST,STABLEUSDT,LONG,0.03279199,0.03213,310.0,-0.0248,LOSS,4436.6
2026-05-04 15:21:05 CST,2026-05-04 18:07:55 CST,PIEVERSEUSDT,SHORT,0.7369,0.7241,7.0,0.0,BREAKEVEN,166.83
2026-05-04 15:21:05 CST,2026-05-04 23:40:04 CST,PIEVERSEUSDT,SHORT,0.72550476,0.7186,8.0,-0.004,LOSS,498.99
2026-05-04 15:21:05 CST,2026-05-05 09:02:41 CST,PIEVERSEUSDT,SHORT,0.72550476,0.7078,8.0,0.0,BREAKEVEN,1061.61
2026-05-04 15:21:05 CST,2026-05-05 12:52:36 CST,PIEVERSEUSDT,SHORT,0.70935321,0.7327,10.0,-0.249,LOSS,1291.52
2026-05-04 15:21:05 CST,2026-05-05 14:52:36 CST,PIEVERSEUSDT,SHORT,0.72102818,0.7526,7.0,-0.0882,LOSS,1411.52
2026-05-04 15:21:05 CST,2026-05-05 14:52:36 CST,PIEVERSEUSDT,SHORT,0.72102818,0.7527,1.0,-0.0127,LOSS,1411.52
2026-05-04 15:21:05 CST,2026-05-05 16:55:12 CST,PIEVERSEUSDT,SHORT,0.72102818,0.7386,10.0,0.0,BREAKEVEN,1534.12
2026-05-04 15:21:05 CST,2026-05-05 22:25:04 CST,PIEVERSEUSDT,SHORT,0.72640423,0.7272,7.0,-0.0042,LOSS,1863.99
2026-05-04 15:21:05 CST,2026-05-06 00:10:06 CST,PIEVERSEUSDT,SHORT,0.72745275,0.7299,7.0,-0.0035,LOSS,1969.02
2026-05-04 15:21:05 CST,2026-05-06 00:32:44 CST,PIEVERSEUSDT,SHORT,0.72745275,0.7258,7.0,0.0,BREAKEVEN,1991.65
2026-05-04 15:21:05 CST,2026-05-06 00:37:42 CST,PIEVERSEUSDT,SHORT,0.72672434,0.7246,7.0,0.0,BREAKEVEN,1996.61
2026-05-04 15:21:05 CST,2026-05-06 04:05:05 CST,PIEVERSEUSDT,SHORT,0.72709755,0.7362,9.0,-0.0657,LOSS,2204.0
2026-05-04 15:21:05 CST,2026-05-06 05:52:34 CST,PIEVERSEUSDT,SHORT,0.7325842,0.7454,7.0,-0.0273,LOSS,2311.48
2026-05-04 15:21:05 CST,2026-05-06 05:52:34 CST,PIEVERSEUSDT,SHORT,0.7325842,0.7454,1.0,-0.0039,LOSS,2311.48
2026-05-04 15:21:05 CST,2026-05-06 07:30:10 CST,PIEVERSEUSDT,SHORT,0.7325842,0.7369,5.0,0.0,BREAKEVEN,2409.09
2026-05-04 15:21:05 CST,2026-05-06 07:30:10 CST,PIEVERSEUSDT,SHORT,0.7325842,0.7369,7.0,0.0,BREAKEVEN,2409.09
2026-05-04 15:21:05 CST,2026-05-06 07:30:10 CST,PIEVERSEUSDT,SHORT,0.7325842,0.7369,1.0,0.0,BREAKEVEN,2409.09
2026-05-06 13:32:32 CST,2026-05-06 15:40:06 CST,PIEVERSEUSDT,SHORT,0.76365,0.7709,7.0,-0.0161,LOSS,127.57
2026-05-06 13:32:32 CST,2026-05-06 15:40:06 CST,PIEVERSEUSDT,SHORT,0.76365,0.7709,6.0,-0.0138,LOSS,127.57
2026-05-06 13:32:32 CST,2026-05-06 17:02:43 CST,PIEVERSEUSDT,SHORT,0.76365,0.7602,13.0,0.0,BREAKEVEN,210.18
2026-05-06 19:17:35 CST,2026-05-06 21:05:11 CST,PIEVERSEUSDT,SHORT,0.75845385,0.7338,13.0,0.0,BREAKEVEN,107.6
2026-05-07 03:07:32 CST,2026-05-07 05:50:04 CST,PIEVERSEUSDT,SHORT,0.7432,0.7435,13.0,0.0065,WIN,162.54
2026-05-07 03:07:32 CST,2026-05-07 08:05:07 CST,PIEVERSEUSDT,SHORT,0.745072,0.7472,12.0,-0.0012,LOSS,297.57
2026-05-07 03:07:32 CST,2026-05-07 11:25:05 CST,PIEVERSEUSDT,SHORT,0.7444868,0.7438,7.0,-0.0028,LOSS,497.55
2026-05-07 03:07:32 CST,2026-05-07 14:05:05 CST,PIEVERSEUSDT,SHORT,0.74481368,0.7457,11.0,-0.0055,LOSS,657.54
2026-05-07 03:07:32 CST,2026-05-07 17:07:42 CST,PIEVERSEUSDT,SHORT,0.74481368,0.728,12.0,0.0,BREAKEVEN,840.17
2026-05-07 03:07:32 CST,2026-05-07 21:47:35 CST,PIEVERSEUSDT,SHORT,0.73066976,0.7509,13.0,-0.2379,LOSS,1120.05
2026-05-07 03:07:32 CST,2026-05-07 23:32:34 CST,PIEVERSEUSDT,SHORT,0.74033667,0.7691,9.0,-0.1332,LOSS,1225.03
2026-05-07 03:07:32 CST,2026-05-08 05:55:02 CST,PIEVERSEUSDT,SHORT,0.75264384,0.7512,7.0,0.1701,WIN,1607.5
2026-05-07 03:07:32 CST,2026-05-08 08:55:04 CST,PIEVERSEUSDT,SHORT,0.75319863,0.7563,7.0,-0.0161,LOSS,1787.54
2026-05-07 03:07:32 CST,2026-05-08 08:55:04 CST,PIEVERSEUSDT,SHORT,0.75319863,0.7563,2.0,-0.0046,LOSS,1787.54
2026-05-07 03:07:32 CST,2026-05-08 10:40:06 CST,PIEVERSEUSDT,SHORT,0.75554411,0.7599,7.0,0.0,BREAKEVEN,1892.57
2026-05-07 03:07:32 CST,2026-05-08 12:47:38 CST,PIEVERSEUSDT,SHORT,0.75969367,0.7691,7.0,-0.0119,LOSS,2020.09
2026-05-04 15:21:08 CST,2026-05-04 17:37:38 CST,PTBUSDT,LONG,0.00082107,0.0008175,6928.0,0.0,BREAKEVEN,136.5
2026-05-04 15:21:08 CST,2026-05-04 20:17:40 CST,PTBUSDT,LONG,0.00082266,0.0008362,6116.0,0.0,BREAKEVEN,296.53
2026-05-04 15:21:08 CST,2026-05-05 03:55:03 CST,PTBUSDT,LONG,0.00082775,0.0008248,10157.0,-0.0061,LOSS,753.92
2026-05-04 15:21:08 CST,2026-05-05 06:05:12 CST,PTBUSDT,LONG,0.00082775,0.0008245,8114.0,0.0,BREAKEVEN,884.06
2026-05-04 15:21:08 CST,2026-05-05 20:25:06 CST,PTBUSDT,LONG,0.0008069,0.0007789,7271.0,-0.1112,LOSS,1743.96
2026-05-04 15:21:08 CST,2026-05-05 22:22:43 CST,PTBUSDT,LONG,0.0008069,0.0007834,8513.0,0.0,BREAKEVEN,1861.58
2026-05-04 15:21:08 CST,2026-05-06 01:32:43 CST,PTBUSDT,LONG,0.00079189,0.0007858,3273.0,0.0,BREAKEVEN,2051.57
2026-05-04 15:21:08 CST,2026-05-06 01:32:43 CST,PTBUSDT,LONG,0.00079189,0.0007857,3199.0,0.0,BREAKEVEN,2051.57
2026-05-04 15:21:08 CST,2026-05-06 05:30:12 CST,PTBUSDT,LONG,0.00078895,0.0007882,9983.0,0.0,BREAKEVEN,2289.06
2026-05-04 15:21:08 CST,2026-05-06 05:30:12 CST,PTBUSDT,LONG,0.00078895,0.0007882,1434.0,0.0,BREAKEVEN,2289.06
2026-05-04 15:21:08 CST,2026-05-06 10:40:07 CST,PTBUSDT,LONG,0.00078761,0.0007813,11865.0,-0.0261,LOSS,2598.98
2026-05-04 15:21:08 CST,2026-05-06 10:40:07 CST,PTBUSDT,LONG,0.00078761,0.0007812,914.0,-0.0021,LOSS,2598.98
2026-05-04 15:21:08 CST,2026-05-06 12:37:44 CST,PTBUSDT,LONG,0.0007845,0.0007785,6491.0,-0.0006,LOSS,2716.6
2026-05-04 15:21:08 CST,2026-05-06 12:40:14 CST,PTBUSDT,LONG,0.00078218,0.0007776,6505.0,-0.0013,LOSS,2719.1
2026-05-04 15:21:08 CST,2026-05-06 14:20:06 CST,PTBUSDT,LONG,0.00077989,0.0007745,10902.0,-0.0305,LOSS,2818.97
2026-05-04 15:21:08 CST,2026-05-06 17:19:36 CST,PTBUSDT,LONG,0.00077387,0.0007359,8759.0,-0.2828,LOSS,2998.46
2026-05-04 15:21:08 CST,2026-05-06 17:19:36 CST,PTBUSDT,LONG,0.00077387,0.0007359,4265.0,-0.1377,LOSS,2998.46
2026-05-04 15:21:08 CST,2026-05-06 23:45:12 CST,PTBUSDT,LONG,0.00077387,0.0007098,11793.0,0.0,BREAKEVEN,3384.07
2026-05-04 15:21:08 CST,2026-05-06 23:45:12 CST,PTBUSDT,LONG,0.00077387,0.0007097,682.0,0.0,BREAKEVEN,3384.07
2026-05-04 15:21:08 CST,2026-05-07 01:30:14 CST,PTBUSDT,LONG,0.00073913,0.0007351,11674.0,0.0,BREAKEVEN,3489.09
2026-05-04 15:21:08 CST,2026-05-07 07:32:32 CST,PTBUSDT,SHORT,0.000736,0.0007221,11.0,0.0001,WIN,3851.4
2026-05-04 15:21:08 CST,2026-05-07 07:32:43 CST,PTBUSDT,LONG,0.00072433,0.0007222,10092.0,0.0,BREAKEVEN,3851.59
2026-05-04 15:21:08 CST,2026-05-07 07:32:43 CST,PTBUSDT,LONG,0.00072433,0.0007222,3754.0,0.0,BREAKEVEN,3851.59
2026-05-04 15:21:08 CST,2026-05-07 09:05:06 CST,PTBUSDT,SHORT,0.00072433,0.0007313,718.0,-0.0065,LOSS,3943.96
2026-05-04 15:21:08 CST,2026-05-07 13:22:44 CST,PTBUSDT,LONG,0.00073051,0.0007197,7295.0,0.0,BREAKEVEN,4201.6
2026-05-04 15:21:08 CST,2026-05-07 13:22:44 CST,PTBUSDT,LONG,0.00073051,0.0007196,5157.0,0.0,BREAKEVEN,4201.6
2026-05-04 15:21:08 CST,2026-05-07 15:37:36 CST,PTBUSDT,SHORT,0.00073051,0.0007202,23.0,-0.0,LOSS,4336.46
2026-05-04 15:21:08 CST,2026-05-07 15:50:11 CST,PTBUSDT,LONG,0.00072185,0.0007213,11458.0,0.0,BREAKEVEN,4349.05
2026-05-04 15:21:08 CST,2026-05-07 18:12:42 CST,PTBUSDT,LONG,0.00072202,0.0007325,11774.0,0.0,BREAKEVEN,4491.57
2026-05-04 15:21:08 CST,2026-05-07 20:27:40 CST,PTBUSDT,LONG,0.00073409,0.0007421,2272.0,0.0,BREAKEVEN,4626.53
2026-05-04 15:21:08 CST,2026-05-07 20:27:40 CST,PTBUSDT,LONG,0.00073409,0.0007421,11203.0,0.0,BREAKEVEN,4626.53
2026-05-04 15:21:08 CST,2026-05-07 23:00:16 CST,PTBUSDT,LONG,0.00076086,0.0007656,9386.0,0.0,BREAKEVEN,4779.13
2026-05-04 15:21:08 CST,2026-05-08 07:27:34 CST,PTBUSDT,LONG,0.00074649,0.0007397,13517.0,0.0081,WIN,5286.43
2026-05-04 15:21:11 CST,2026-05-05 10:12:35 CST,TAKEUSDT,SHORT,0.02965399,0.0289,222.0,-0.0155,LOSS,1131.4
2026-05-04 15:21:11 CST,2026-05-05 22:15:02 CST,TAKEUSDT,SHORT,0.02938863,0.02859,274.0,0.1315,WIN,1853.85
2026-05-04 15:21:11 CST,2026-05-06 00:30:05 CST,TAKEUSDT,SHORT,0.02902863,0.0287,5.0,-0.0006,LOSS,1988.89
2026-05-04 15:21:11 CST,2026-05-06 00:30:05 CST,TAKEUSDT,SHORT,0.02902863,0.0287,10.0,-0.0012,LOSS,1988.89
2026-05-04 15:21:11 CST,2026-05-06 00:30:05 CST,TAKEUSDT,SHORT,0.02902863,0.02871,249.0,-0.0324,LOSS,1988.89
2026-05-04 15:21:11 CST,2026-05-06 06:52:40 CST,TAKEUSDT,SHORT,0.02902863,0.02615,243.0,0.0,BREAKEVEN,2371.47
2026-05-04 15:21:11 CST,2026-05-06 14:17:42 CST,TAKEUSDT,SHORT,0.02682861,0.02585,386.0,0.0,BREAKEVEN,2816.51
2026-05-04 15:21:11 CST,2026-05-07 02:37:36 CST,TAKEUSDT,SHORT,0.02574785,0.02617,386.0,-0.1292,LOSS,3556.42
2026-05-04 15:21:11 CST,2026-05-07 07:17:33 CST,TAKEUSDT,SHORT,0.02601698,0.02695,113.0,-0.0791,LOSS,3836.36
2026-05-04 15:21:11 CST,2026-05-07 07:17:33 CST,TAKEUSDT,SHORT,0.02601698,0.02696,267.0,-0.1896,LOSS,3836.36
2026-05-04 15:21:11 CST,2026-05-07 09:22:36 CST,TAKEUSDT,SHORT,0.02626529,0.02676,224.0,-0.0291,LOSS,3961.41
2026-05-04 15:21:11 CST,2026-05-07 12:45:05 CST,TAKEUSDT,SHORT,0.02663812,0.02705,313.0,-0.0063,LOSS,4163.9
2026-05-04 15:21:11 CST,2026-05-08 00:02:38 CST,TAKEUSDT,SHORT,0.02707726,0.02885,232.0,-0.2668,LOSS,4841.44
2026-05-04 15:21:11 CST,2026-05-08 06:02:37 CST,TAKEUSDT,SHORT,0.02743223,0.02827,230.0,-0.0759,LOSS,5201.42
2026-05-04 15:21:11 CST,2026-05-08 12:17:32 CST,TAKEUSDT,SHORT,0.02786456,0.02785,293.0,0.1465,WIN,5576.35
2026-05-04 15:21:11 CST,2026-05-08 13:21:10 CST,TAKEUSDT,SHORT,0.02789823,0.02987,214.0,-0.4109,LOSS,5639.97
2026-05-04 15:21:16 CST,2026-05-05 14:57:41 CST,IRYSUSDT,SHORT,0.03901,0.0345,150.0,0.0,BREAKEVEN,1416.42
2026-05-04 15:21:16 CST,2026-05-05 14:57:41 CST,IRYSUSDT,SHORT,0.03901,0.03451,1.0,0.0,BREAKEVEN,1416.42
2026-05-04 15:21:16 CST,2026-05-05 15:07:41 CST,IRYSUSDT,SHORT,0.03633345,0.03433,268.0,0.0,BREAKEVEN,1426.43
2026-05-04 15:21:16 CST,2026-05-06 02:22:40 CST,IRYSUSDT,SHORT,0.03439602,0.0338,207.0,0.0,BREAKEVEN,2101.41
2026-05-04 15:21:16 CST,2026-05-06 05:59:30 CST,IRYSUSDT,SHORT,0.03386912,0.03544,178.0,-0.2492,LOSS,2318.23
2026-05-04 15:21:16 CST,2026-05-06 07:22:40 CST,IRYSUSDT,SHORT,0.03386912,0.03432,240.0,0.0,BREAKEVEN,2401.42
2026-05-04 15:21:16 CST,2026-05-06 10:06:24 CST,IRYSUSDT,SHORT,0.03394623,0.0356,293.0,-0.4454,LOSS,2565.13
2026-05-04 15:21:16 CST,2026-05-06 19:45:02 CST,IRYSUSDT,SHORT,0.03436389,0.03432,161.0,0.1562,WIN,3143.78
2026-05-04 15:21:16 CST,2026-05-07 04:12:43 CST,IRYSUSDT,SHORT,0.03436389,0.03625,140.0,0.0,BREAKEVEN,3651.46
2026-05-04 15:21:16 CST,2026-05-07 09:17:37 CST,IRYSUSDT,SHORT,0.03530247,0.03587,216.0,-0.0648,LOSS,3956.36
2026-05-04 15:21:16 CST,2026-05-07 09:17:37 CST,IRYSUSDT,SHORT,0.03530247,0.03587,65.0,-0.0195,LOSS,3956.36
2026-05-04 15:21:16 CST,2026-05-07 15:12:34 CST,IRYSUSDT,SHORT,0.03574957,0.03644,275.0,-0.0302,LOSS,4311.3
2026-05-04 15:21:16 CST,2026-05-07 21:30:04 CST,IRYSUSDT,SHORT,0.03600388,0.03615,183.0,0.064,WIN,4688.8
2026-05-04 15:21:16 CST,2026-05-08 03:40:03 CST,IRYSUSDT,SHORT,0.03625929,0.0371,125.0,-0.0225,LOSS,5058.78
2026-05-04 15:21:16 CST,2026-05-08 03:40:03 CST,IRYSUSDT,SHORT,0.03625929,0.0371,13.0,-0.0023,LOSS,5058.78
2026-05-04 15:21:16 CST,2026-05-08 07:15:05 CST,IRYSUSDT,SHORT,0.03650473,0.03735,211.0,-0.0907,LOSS,5273.83
2026-05-04 15:22:37 CST,2026-05-04 17:02:33 CST,PRLUSDT,SHORT,0.267,0.2673,37.0,-0.0111,LOSS,99.92
2026-05-04 18:32:41 CST,2026-05-04 19:40:17 CST,PRLUSDT,LONG,0.2623,0.2885,21.0,0.5502,WIN,67.61
2026-05-04 21:42:39 CST,2026-05-04 23:17:34 CST,PRLUSDT,SHORT,0.2986,0.2997,19.0,-0.0209,LOSS,94.92
2026-05-04 23:55:11 CST,2026-05-05 02:50:05 CST,PRLUSDT,SHORT,0.3183,0.3243,16.0,-0.096,LOSS,174.9
2026-05-05 04:57:40 CST,2026-05-05 09:30:52 CST,PRLUSDT,SHORT,0.3257,0.2931,17.0,0.5542,WIN,273.19
2026-05-05 09:32:41 CST,2026-05-05 11:05:07 CST,PRLUSDT,LONG,0.2922,0.29,21.0,-0.0462,LOSS,92.43
2026-05-05 11:47:42 CST,2026-05-05 13:20:05 CST,PRLUSDT,SHORT,0.2917,0.2949,18.0,-0.0576,LOSS,92.39
2026-05-05 13:52:41 CST,2026-05-05 19:55:02 CST,PRLUSDT,SHORT,0.2939,0.2798,20.0,0.282,WIN,362.35
2026-05-05 22:20:11 CST,2026-05-05 23:52:36 CST,PRLUSDT,LONG,0.2713,0.2706,20.0,-0.014,LOSS,92.41
2026-05-05 22:20:11 CST,2026-05-05 23:52:36 CST,PRLUSDT,LONG,0.2713,0.2706,10.0,-0.007,LOSS,92.41
2026-05-06 02:42:42 CST,2026-05-06 08:07:32 CST,PRLUSDT,LONG,0.2628,0.2621,20.0,-0.014,LOSS,324.84
2026-05-06 02:42:42 CST,2026-05-06 08:07:32 CST,PRLUSDT,LONG,0.2628,0.2621,18.0,-0.0126,LOSS,324.84
2026-05-06 09:05:13 CST,2026-05-06 15:07:32 CST,PRLUSDT,LONG,0.2588,0.265,22.0,0.1364,WIN,362.32
2026-05-06 15:10:11 CST,2026-05-06 18:25:04 CST,PRLUSDT,SHORT,0.2656,0.2663,37.0,-0.0259,LOSS,194.88
2026-05-06 18:37:40 CST,2026-05-06 20:12:35 CST,PRLUSDT,SHORT,0.2666,0.2674,37.0,-0.0296,LOSS,94.92
2026-05-06 20:25:10 CST,2026-05-06 22:45:05 CST,PRLUSDT,SHORT,0.2764,0.2755,35.0,0.0315,WIN,139.91
2026-05-06 22:57:43 CST,2026-05-07 04:00:06 CST,PRLUSDT,SHORT,0.2737,0.2745,19.0,-0.0152,LOSS,302.39
2026-05-06 22:57:43 CST,2026-05-07 04:00:06 CST,PRLUSDT,SHORT,0.2737,0.2745,17.0,-0.0136,LOSS,302.39
2026-05-07 04:15:13 CST,2026-05-07 07:17:34 CST,PRLUSDT,SHORT,0.2741,0.2739,35.0,0.007,WIN,182.34
2026-05-07 07:32:43 CST,2026-05-07 11:52:33 CST,PRLUSDT,SHORT,0.2734,0.2736,36.0,-0.0072,LOSS,259.84
2026-05-07 12:05:13 CST,2026-05-07 13:37:37 CST,PRLUSDT,SHORT,0.2733,0.2743,3.0,-0.003,LOSS,92.41
2026-05-07 12:05:13 CST,2026-05-07 13:37:37 CST,PRLUSDT,SHORT,0.2733,0.2743,19.0,-0.019,LOSS,92.41
2026-05-07 12:05:13 CST,2026-05-07 13:37:37 CST,PRLUSDT,SHORT,0.2733,0.2743,14.0,-0.014,LOSS,92.41
2026-05-07 15:20:12 CST,2026-05-07 18:57:34 CST,PRLUSDT,SHORT,0.2736,0.2742,21.0,-0.0126,LOSS,217.38
2026-05-07 19:12:43 CST,2026-05-07 23:17:33 CST,PRLUSDT,SHORT,0.2775,0.2776,26.0,-0.0026,LOSS,244.83
2026-05-07 23:30:11 CST,2026-05-08 01:02:34 CST,PRLUSDT,SHORT,0.2781,0.2843,19.0,-0.1178,LOSS,92.38
2026-05-08 01:17:42 CST,2026-05-08 02:55:07 CST,PRLUSDT,SHORT,0.28434074,0.2848,27.0,-0.0124,LOSS,97.41
2026-05-08 03:17:41 CST,2026-05-08 09:20:02 CST,PRLUSDT,SHORT,0.2851,0.2785,18.0,0.1188,WIN,362.36
2026-05-04 15:22:38 CST,2026-05-04 16:47:34 CST,TSTUSDT,SHORT,0.02824,0.02987,353.0,-0.5754,LOSS,84.93
2026-05-04 17:07:42 CST,2026-05-04 18:32:16 CST,TSTUSDT,SHORT,0.029341,0.026407,192.0,0.5633,WIN,84.56
2026-05-04 21:30:11 CST,2026-05-04 22:26:40 CST,TSTUSDT,SHORT,0.026397,0.023757,121.0,0.3194,WIN,56.48
2026-05-04 21:30:11 CST,2026-05-04 22:26:40 CST,TSTUSDT,SHORT,0.026397,0.023757,257.0,0.6785,WIN,56.48
2026-05-04 22:32:41 CST,2026-05-04 23:10:02 CST,TSTUSDT,LONG,0.023825,0.022629,266.0,-0.3181,LOSS,37.34
2026-05-05 00:35:12 CST,2026-05-05 02:32:35 CST,TSTUSDT,SHORT,0.023421,0.024342,234.0,-0.2155,LOSS,117.39
2026-05-05 02:50:10 CST,2026-05-05 03:12:45 CST,TSTUSDT,SHORT,0.026072,0.023465,192.0,0.5005,WIN,22.57
2026-05-05 03:55:11 CST,2026-05-05 04:39:18 CST,TSTUSDT,LONG,0.019553,0.021508,379.0,0.7409,WIN,44.11
2026-05-05 05:30:10 CST,2026-05-05 07:35:04 CST,TSTUSDT,SHORT,0.021078,0.02116,394.0,-0.0323,LOSS,124.9
2026-05-05 08:12:41 CST,2026-05-05 08:31:16 CST,TSTUSDT,SHORT,0.021389,0.022256,240.0,-0.2081,LOSS,18.58
2026-05-05 09:37:41 CST,2026-05-05 09:45:33 CST,TSTUSDT,LONG,0.020383,0.019345,471.0,-0.4889,LOSS,7.87
2026-05-05 11:52:42 CST,2026-05-05 13:40:06 CST,TSTUSDT,SHORT,0.020185,0.020232,338.0,-0.0159,LOSS,107.39
2026-05-05 13:52:42 CST,2026-05-05 14:23:05 CST,TSTUSDT,SHORT,0.020311,0.021113,280.0,-0.2246,LOSS,30.38
2026-05-05 13:52:42 CST,2026-05-05 14:23:05 CST,TSTUSDT,SHORT,0.020311,0.021118,15.0,-0.0121,LOSS,30.38
2026-05-05 14:40:10 CST,2026-05-05 16:12:35 CST,TSTUSDT,SHORT,0.020672,0.02082,300.0,-0.0444,LOSS,92.43
2026-05-05 14:40:10 CST,2026-05-05 16:12:35 CST,TSTUSDT,SHORT,0.020672,0.020822,101.0,-0.0152,LOSS,92.43
2026-05-05 19:15:13 CST,2026-05-06 01:17:32 CST,TSTUSDT,SHORT,0.021077,0.019369,263.0,0.4492,WIN,362.32
2026-05-06 01:42:44 CST,2026-05-06 03:15:05 CST,TSTUSDT,LONG,0.01904038,0.018944,300.0,-0.0289,LOSS,92.35
2026-05-06 01:42:44 CST,2026-05-06 03:15:05 CST,TSTUSDT,LONG,0.01904038,0.018944,32.0,-0.0031,LOSS,92.35
2026-05-06 04:45:12 CST,2026-05-06 06:17:36 CST,TSTUSDT,SHORT,0.019237,0.019786,418.0,-0.2295,LOSS,92.4
2026-05-06 06:30:09 CST,2026-05-06 09:50:04 CST,TSTUSDT,SHORT,0.01989,0.019962,502.0,-0.0361,LOSS,199.91
2026-05-06 10:02:43 CST,2026-05-06 12:25:04 CST,TSTUSDT,SHORT,0.019832,0.019923,504.0,-0.0459,LOSS,142.36
2026-05-06 12:55:12 CST,2026-05-06 18:57:32 CST,TSTUSDT,SHORT,0.019808,0.019082,286.0,0.2076,WIN,362.34
2026-05-06 19:12:42 CST,2026-05-06 20:45:05 CST,TSTUSDT,SHORT,0.019187,0.019573,521.0,-0.2011,LOSS,92.4
2026-05-06 20:57:40 CST,2026-05-06 21:56:10 CST,TSTUSDT,SHORT,0.01967953,0.020578,508.0,-0.4564,LOSS,58.49
2026-05-06 22:12:43 CST,2026-05-07 01:03:24 CST,TSTUSDT,SHORT,0.020447,0.018402,292.0,0.5971,WIN,170.68
2026-05-07 01:10:12 CST,2026-05-07 01:47:26 CST,TSTUSDT,LONG,0.01896135,0.018183,527.0,-0.4102,LOSS,37.22
2026-05-07 03:02:42 CST,2026-05-07 06:15:04 CST,TSTUSDT,SHORT,0.018631,0.018889,536.0,-0.1383,LOSS,192.38
2026-05-07 06:37:42 CST,2026-05-07 08:10:07 CST,TSTUSDT,SHORT,0.01875,0.01901,4.0,-0.001,LOSS,92.41
2026-05-07 06:37:42 CST,2026-05-07 08:10:07 CST,TSTUSDT,SHORT,0.01875,0.019011,286.0,-0.0746,LOSS,92.41
2026-05-07 08:27:43 CST,2026-05-07 09:56:26 CST,TSTUSDT,SHORT,0.019222,0.02002,356.0,-0.2841,LOSS,88.71
2026-05-07 10:20:13 CST,2026-05-07 11:35:18 CST,TSTUSDT,SHORT,0.020284,0.021223,201.0,-0.1887,LOSS,75.08
2026-05-07 10:20:13 CST,2026-05-07 11:35:18 CST,TSTUSDT,SHORT,0.020284,0.021224,293.0,-0.2754,LOSS,75.08
2026-05-07 11:50:13 CST,2026-05-07 12:34:40 CST,TSTUSDT,SHORT,0.022141,0.023057,414.0,-0.3792,LOSS,44.45
2026-05-07 12:50:12 CST,2026-05-07 12:52:19 CST,TSTUSDT,SHORT,0.025042,0.026093,1.0,-0.0011,LOSS,2.11
2026-05-07 12:50:12 CST,2026-05-07 12:52:19 CST,TSTUSDT,SHORT,0.025042,0.026094,404.0,-0.425,LOSS,2.11
2026-05-07 13:10:13 CST,2026-05-07 13:12:07 CST,TSTUSDT,SHORT,0.026416,0.027519,285.0,-0.3144,LOSS,1.9
2026-05-07 13:40:13 CST,2026-05-07 14:01:02 CST,TSTUSDT,SHORT,0.028448,0.029681,250.0,-0.3083,LOSS,20.82
2026-05-07 14:47:42 CST,2026-05-07 16:00:50 CST,TSTUSDT,SHORT,0.030082,0.027074,179.0,0.5384,WIN,73.13
2026-05-07 16:10:13 CST,2026-05-07 16:36:04 CST,TSTUSDT,LONG,0.02696706,0.025836,370.0,-0.4185,LOSS,25.84
2026-05-07 16:50:12 CST,2026-05-07 18:32:36 CST,TSTUSDT,LONG,0.025212,0.025192,395.0,-0.0079,LOSS,102.4
2026-05-08 00:17:40 CST,2026-05-08 02:07:35 CST,TSTUSDT,LONG,0.022808,0.022828,230.0,0.0046,WIN,109.91
2026-05-08 00:17:40 CST,2026-05-08 02:07:35 CST,TSTUSDT,LONG,0.022808,0.022828,29.0,0.0006,WIN,109.91
2026-05-08 03:45:15 CST,2026-05-08 05:17:36 CST,TSTUSDT,LONG,0.02162266,0.021468,236.0,-0.0365,LOSS,92.35
2026-05-08 03:45:15 CST,2026-05-08 05:17:36 CST,TSTUSDT,LONG,0.02162266,0.021467,42.0,-0.0065,LOSS,92.35
2026-05-08 07:30:14 CST,2026-05-08 07:51:31 CST,TSTUSDT,SHORT,0.021293,0.02226,254.0,-0.2456,LOSS,21.28
2026-05-08 07:30:14 CST,2026-05-08 07:51:31 CST,TSTUSDT,SHORT,0.021293,0.022268,215.0,-0.2096,LOSS,21.28
2026-05-08 08:05:11 CST,2026-05-08 09:20:01 CST,TSTUSDT,SHORT,0.02172,0.022671,280.0,-0.2663,LOSS,74.83
2026-05-04 15:22:39 CST,2026-05-04 18:52:33 CST,EDGEUSDT,SHORT,1.2818,1.2831,4.0,-0.0052,LOSS,209.89
2026-05-04 15:22:39 CST,2026-05-04 18:52:33 CST,EDGEUSDT,SHORT,1.2818,1.2832,3.0,-0.0042,LOSS,209.89
2026-05-04 19:07:38 CST,2026-05-04 21:40:03 CST,EDGEUSDT,SHORT,1.2842,1.284,4.0,0.0008,WIN,152.42
2026-05-04 22:05:09 CST,2026-05-04 23:37:36 CST,EDGEUSDT,SHORT,1.2913,1.2922,4.0,-0.0036,LOSS,92.45
2026-05-05 02:55:11 CST,2026-05-05 04:27:34 CST,EDGEUSDT,SHORT,1.2953,1.3046,4.0,-0.0372,LOSS,92.39
2026-05-05 04:40:09 CST,2026-05-05 08:00:07 CST,EDGEUSDT,SHORT,1.3065,1.3066,4.0,-0.0004,LOSS,199.95
2026-05-05 08:15:12 CST,2026-05-05 14:17:32 CST,EDGEUSDT,SHORT,1.3116,1.2869,4.0,0.0988,WIN,362.33
2026-05-05 18:32:41 CST,2026-05-05 20:05:06 CST,EDGEUSDT,SHORT,1.29848,1.3092,5.0,-0.0536,LOSS,92.42
2026-05-05 20:22:40 CST,2026-05-05 23:02:33 CST,EDGEUSDT,SHORT,1.3138,1.3182,4.0,-0.0176,LOSS,159.88
2026-05-05 23:27:42 CST,2026-05-06 01:00:08 CST,EDGEUSDT,SHORT,1.3156,1.3523,7.0,-0.2569,LOSS,92.43
2026-05-06 02:07:41 CST,2026-05-06 03:40:04 CST,EDGEUSDT,SHORT,1.3584,1.3658,4.0,-0.0296,LOSS,92.39
2026-05-06 06:02:42 CST,2026-05-06 12:05:02 CST,EDGEUSDT,SHORT,1.3633,1.3352,6.0,0.1686,WIN,362.35
2026-05-06 06:02:42 CST,2026-05-06 12:05:02 CST,EDGEUSDT,SHORT,1.3633,1.3352,1.0,0.0281,WIN,362.35
2026-05-06 12:05:13 CST,2026-05-06 14:45:05 CST,EDGEUSDT,SHORT,1.3351,1.3354,7.0,-0.0021,LOSS,159.87
2026-05-06 14:57:42 CST,2026-05-06 16:30:07 CST,EDGEUSDT,SHORT,1.3442,1.3499,7.0,-0.0399,LOSS,92.42
2026-05-06 17:35:11 CST,2026-05-06 20:48:12 CST,EDGEUSDT,SHORT,1.3529,1.4114,4.0,-0.234,LOSS,193.01
2026-05-06 17:35:11 CST,2026-05-06 20:48:12 CST,EDGEUSDT,SHORT,1.3529,1.4115,3.0,-0.1758,LOSS,193.01
2026-05-06 21:02:40 CST,2026-05-07 03:05:02 CST,EDGEUSDT,SHORT,1.4062,1.3573,4.0,0.1956,WIN,362.37
2026-05-06 21:02:40 CST,2026-05-07 03:05:02 CST,EDGEUSDT,SHORT,1.4062,1.3573,3.0,0.1467,WIN,362.37
2026-05-07 03:07:42 CST,2026-05-07 07:22:33 CST,EDGEUSDT,SHORT,1.3555,1.3615,4.0,-0.024,LOSS,254.85
2026-05-07 03:07:42 CST,2026-05-07 07:22:33 CST,EDGEUSDT,SHORT,1.3555,1.3615,3.0,-0.018,LOSS,254.85
2026-05-07 07:42:41 CST,2026-05-07 13:45:03 CST,EDGEUSDT,SHORT,1.3559,1.3238,7.0,0.2247,WIN,362.36
2026-05-07 13:57:42 CST,2026-05-07 20:00:04 CST,EDGEUSDT,SHORT,1.32826667,1.3135,4.0,0.0591,WIN,362.37
2026-05-07 13:57:42 CST,2026-05-07 20:00:04 CST,EDGEUSDT,SHORT,1.32826667,1.3136,2.0,0.0293,WIN,362.37
2026-05-07 20:00:14 CST,2026-05-08 02:02:32 CST,EDGEUSDT,SHORT,1.3143,1.2791,7.0,0.2464,WIN,362.31
2026-05-08 02:02:42 CST,2026-05-08 05:25:04 CST,EDGEUSDT,LONG,1.2792,1.271,7.0,-0.0574,LOSS,202.36
2026-05-08 05:45:11 CST,2026-05-08 05:45:14 CST,EDGEUSDT,LONG,1.2678,1.2678,4.0,0.0,BREAKEVEN,0.04
2026-05-08 05:52:42 CST,2026-05-08 08:57:34 CST,EDGEUSDT,LONG,1.26722,1.2663,2.0,-0.0018,LOSS,184.86
2026-05-08 05:52:42 CST,2026-05-08 08:57:34 CST,EDGEUSDT,LONG,1.26722,1.2663,3.0,-0.0028,LOSS,184.86
2026-05-08 10:12:42 CST,2026-05-08 10:12:44 CST,EDGEUSDT,LONG,1.2599,1.2606,4.0,0.0028,WIN,0.04
2026-05-04 15:22:40 CST,2026-05-04 20:30:02 CST,TRADOORUSDT,SHORT,0.7509,0.7525,13.0,-0.0208,LOSS,307.37
2026-05-04 21:55:10 CST,2026-05-04 23:37:35 CST,TRADOORUSDT,LONG,0.7213,0.7193,9.0,-0.018,LOSS,102.42
2026-05-05 02:25:12 CST,2026-05-05 03:57:36 CST,TRADOORUSDT,SHORT,0.7268,0.7301,7.0,-0.0231,LOSS,92.4
2026-05-05 05:42:41 CST,2026-05-05 07:15:06 CST,TRADOORUSDT,SHORT,0.7308,0.7337,4.0,-0.0116,LOSS,92.42
2026-05-05 05:42:41 CST,2026-05-05 07:15:06 CST,TRADOORUSDT,SHORT,0.7308,0.7337,4.0,-0.0116,LOSS,92.42
2026-05-05 07:35:10 CST,2026-05-05 12:12:33 CST,TRADOORUSDT,SHORT,0.7428,0.7455,11.0,-0.0297,LOSS,277.37
2026-05-05 12:30:11 CST,2026-05-05 14:02:35 CST,TRADOORUSDT,SHORT,0.7541,0.7618,7.0,-0.0539,LOSS,92.41
2026-05-05 15:55:11 CST,2026-05-05 21:57:32 CST,TRADOORUSDT,SHORT,0.76,0.7401,9.0,0.1791,WIN,362.35
2026-05-05 22:37:42 CST,2026-05-06 04:40:02 CST,TRADOORUSDT,SHORT,0.7408,0.7329,7.0,0.0553,WIN,362.34
2026-05-06 05:17:40 CST,2026-05-06 11:20:02 CST,TRADOORUSDT,SHORT,0.7356,0.7319,7.0,0.0259,WIN,362.37
2026-05-06 11:20:11 CST,2026-05-06 17:22:32 CST,TRADOORUSDT,SHORT,0.7318,0.7102,7.0,0.1512,WIN,362.35
2026-05-06 17:55:11 CST,2026-05-06 19:27:36 CST,TRADOORUSDT,SHORT,0.7142,0.7166,14.0,-0.0336,LOSS,92.42
2026-05-06 20:52:41 CST,2026-05-06 23:32:35 CST,TRADOORUSDT,SHORT,0.7164,0.7244,13.0,-0.104,LOSS,159.9
2026-05-06 23:45:14 CST,2026-05-07 01:17:36 CST,TRADOORUSDT,SHORT,0.7144,0.722,8.0,-0.0608,LOSS,92.37
2026-05-06 23:45:14 CST,2026-05-07 01:17:36 CST,TRADOORUSDT,SHORT,0.7144,0.722,4.0,-0.0304,LOSS,92.37
2026-05-07 01:30:13 CST,2026-05-07 03:02:36 CST,TRADOORUSDT,SHORT,0.7244,0.7308,13.0,-0.0832,LOSS,92.38
2026-05-07 03:15:12 CST,2026-05-07 09:17:32 CST,TRADOORUSDT,SHORT,0.7325,0.7232,13.0,0.1209,WIN,362.33
2026-05-07 09:20:13 CST,2026-05-07 10:52:37 CST,TRADOORUSDT,SHORT,0.7235,0.7328,9.0,-0.0837,LOSS,92.4
2026-05-07 11:05:12 CST,2026-05-07 12:37:35 CST,TRADOORUSDT,SHORT,0.7325,0.7344,11.0,-0.0209,LOSS,92.39
2026-05-07 11:05:12 CST,2026-05-07 12:37:35 CST,TRADOORUSDT,SHORT,0.7325,0.7345,2.0,-0.004,LOSS,92.39
2026-05-07 12:50:13 CST,2026-05-07 14:22:37 CST,TRADOORUSDT,SHORT,0.7357,0.7379,8.0,-0.0176,LOSS,92.4
2026-05-07 12:50:13 CST,2026-05-07 14:22:37 CST,TRADOORUSDT,SHORT,0.7357,0.7379,5.0,-0.011,LOSS,92.4
2026-05-07 14:40:13 CST,2026-05-07 16:27:35 CST,TRADOORUSDT,SHORT,0.7387,0.739,13.0,-0.0039,LOSS,107.37
2026-05-07 16:40:11 CST,2026-05-07 18:12:37 CST,TRADOORUSDT,SHORT,0.7393,0.7394,13.0,-0.0013,LOSS,92.43
2026-05-07 18:50:14 CST,2026-05-07 20:22:34 CST,TRADOORUSDT,SHORT,0.7406,0.7569,7.0,-0.1141,LOSS,92.34
2026-05-07 18:50:14 CST,2026-05-07 20:22:34 CST,TRADOORUSDT,SHORT,0.7406,0.7569,2.0,-0.0326,LOSS,92.34
2026-05-07 20:37:43 CST,2026-05-07 22:25:05 CST,TRADOORUSDT,SHORT,0.7615,0.7626,8.0,-0.0088,LOSS,107.37
2026-05-07 22:47:43 CST,2026-05-08 00:20:05 CST,TRADOORUSDT,SHORT,0.7644,0.7709,9.0,-0.0585,LOSS,92.38
2026-05-08 02:55:12 CST,2026-05-08 08:57:32 CST,TRADOORUSDT,SHORT,0.7597,0.736,8.0,0.1896,WIN,362.33
2026-05-04 16:27:37 CST,2026-05-04 19:12:33 CST,CHIPUSDT,SHORT,0.06019,0.06023,88.0,-0.0035,LOSS,164.93
2026-05-04 23:40:10 CST,2026-05-05 01:12:35 CST,CHIPUSDT,LONG,0.05897,0.05822,142.0,-0.1065,LOSS,92.42
2026-05-05 02:55:13 CST,2026-05-05 02:55:15 CST,CHIPUSDT,LONG,0.05743,0.05744,84.0,0.0008,WIN,0.04
2026-05-05 02:55:13 CST,2026-05-05 02:55:15 CST,CHIPUSDT,LONG,0.05743,0.05744,6.0,0.0001,WIN,0.04
2026-05-05 03:15:13 CST,2026-05-05 04:47:34 CST,CHIPUSDT,LONG,0.05747,0.05725,120.0,-0.0264,LOSS,92.36
2026-05-05 05:10:09 CST,2026-05-05 06:42:35 CST,CHIPUSDT,SHORT,0.05755,0.05853,173.0,-0.1695,LOSS,92.43
2026-05-05 06:57:41 CST,2026-05-05 13:00:04 CST,CHIPUSDT,SHORT,0.05878,0.05749,157.0,0.2025,WIN,362.39
2026-05-05 13:02:41 CST,2026-05-05 14:35:05 CST,CHIPUSDT,SHORT,0.05757,0.05769,126.0,-0.0151,LOSS,92.4
2026-05-05 21:02:42 CST,2026-05-06 03:05:02 CST,CHIPUSDT,SHORT,0.05657,0.05353,103.0,0.3131,WIN,362.34
2026-05-05 21:02:42 CST,2026-05-06 03:05:02 CST,CHIPUSDT,SHORT,0.05657,0.05353,2.0,0.0061,WIN,362.34
2026-05-06 03:05:13 CST,2026-05-06 09:07:32 CST,CHIPUSDT,LONG,0.05353,0.05344,181.0,-0.0163,LOSS,362.32
2026-05-06 10:05:13 CST,2026-05-06 11:37:36 CST,CHIPUSDT,SHORT,0.05455,0.05462,101.0,-0.0071,LOSS,92.38
2026-05-06 10:05:13 CST,2026-05-06 11:37:36 CST,CHIPUSDT,SHORT,0.05455,0.05462,14.0,-0.001,LOSS,92.38
2026-05-06 12:02:41 CST,2026-05-06 18:05:02 CST,CHIPUSDT,SHORT,0.05509,0.054,132.0,0.1439,WIN,362.35
2026-05-06 18:05:12 CST,2026-05-06 20:52:34 CST,CHIPUSDT,LONG,0.05398,0.0539,185.0,-0.0148,LOSS,167.38
2026-05-06 21:27:42 CST,2026-05-06 23:00:09 CST,CHIPUSDT,LONG,0.0531,0.05189,188.0,-0.2275,LOSS,92.45
2026-05-07 00:30:12 CST,2026-05-07 02:17:36 CST,CHIPUSDT,SHORT,0.05242,0.05253,97.0,-0.0107,LOSS,107.4
2026-05-07 00:30:12 CST,2026-05-07 02:17:36 CST,CHIPUSDT,SHORT,0.05242,0.05253,93.0,-0.0102,LOSS,107.4
2026-05-07 02:42:43 CST,2026-05-07 04:25:04 CST,CHIPUSDT,SHORT,0.05293,0.05296,188.0,-0.0056,LOSS,102.36
2026-05-07 04:45:13 CST,2026-05-07 06:17:34 CST,CHIPUSDT,SHORT,0.05294,0.05428,98.0,-0.1313,LOSS,92.36
2026-05-07 06:37:42 CST,2026-05-07 08:10:06 CST,CHIPUSDT,SHORT,0.05443,0.05604,100.0,-0.161,LOSS,92.41
2026-05-07 08:35:15 CST,2026-05-07 11:05:05 CST,CHIPUSDT,SHORT,0.05564,0.05572,92.0,-0.0074,LOSS,149.84
2026-05-07 08:35:15 CST,2026-05-07 11:05:05 CST,CHIPUSDT,SHORT,0.05564,0.05573,17.0,-0.0015,LOSS,149.84
2026-05-07 11:17:42 CST,2026-05-07 12:02:47 CST,CHIPUSDT,SHORT,0.05561,0.05783,179.0,-0.3974,LOSS,45.08
2026-05-07 12:17:43 CST,2026-05-07 18:20:02 CST,CHIPUSDT,SHORT,0.05716,0.0562,152.0,0.1459,WIN,362.32
2026-05-07 18:37:42 CST,2026-05-07 20:10:05 CST,CHIPUSDT,SHORT,0.05644,0.05718,168.0,-0.1243,LOSS,92.39
2026-05-07 20:30:11 CST,2026-05-07 22:02:35 CST,CHIPUSDT,SHORT,0.05768,0.05866,173.0,-0.1695,LOSS,92.4
2026-05-07 22:15:10 CST,2026-05-08 00:22:34 CST,CHIPUSDT,SHORT,0.05972,0.05989,125.0,-0.0213,LOSS,127.4
2026-05-08 00:42:41 CST,2026-05-08 01:17:08 CST,CHIPUSDT,SHORT,0.05976,0.0622,82.0,-0.2001,LOSS,34.44
2026-05-08 00:42:41 CST,2026-05-08 01:17:08 CST,CHIPUSDT,SHORT,0.05976,0.0622,40.0,-0.0976,LOSS,34.44
2026-05-08 01:30:12 CST,2026-05-08 01:53:16 CST,CHIPUSDT,SHORT,0.06207,0.06455,161.0,-0.3993,LOSS,23.07
2026-05-08 02:30:10 CST,2026-05-08 05:32:34 CST,CHIPUSDT,SHORT,0.0661,0.06644,77.0,-0.0262,LOSS,182.4
2026-05-08 05:45:10 CST,2026-05-08 06:15:41 CST,CHIPUSDT,SHORT,0.06779,0.07055,82.0,-0.2263,LOSS,30.51
2026-05-08 06:30:13 CST,2026-05-08 11:25:03 CST,CHIPUSDT,SHORT,0.06983,0.07062,104.0,-0.0822,LOSS,294.83
2026-05-04 16:27:39 CST,2026-05-04 18:42:33 CST,ENJUSDT,SHORT,0.05133,0.05132,103.0,0.001,WIN,134.91
2026-05-04 21:30:10 CST,2026-05-05 03:32:32 CST,ENJUSDT,SHORT,0.05216,0.05057,191.0,0.3037,WIN,362.38
2026-05-05 07:57:44 CST,2026-05-05 09:35:04 CST,ENJUSDT,LONG,0.04967064,0.04967,110.0,-0.0001,LOSS,97.33
2026-05-05 10:17:40 CST,2026-05-05 13:30:04 CST,ENJUSDT,SHORT,0.05005,0.05021,116.0,-0.0186,LOSS,192.4
2026-05-05 14:32:40 CST,2026-05-05 20:35:02 CST,ENJUSDT,SHORT,0.05021,0.04967,144.0,0.0778,WIN,362.37
2026-05-05 20:35:10 CST,2026-05-05 22:27:35 CST,ENJUSDT,SHORT,0.04966,0.04968,114.0,-0.0023,LOSS,112.41
2026-05-05 22:42:41 CST,2026-05-06 00:17:35 CST,ENJUSDT,SHORT,0.0499,0.0499,140.0,0.0,BREAKEVEN,94.9
2026-05-06 00:30:12 CST,2026-05-06 06:32:32 CST,ENJUSDT,LONG,0.04929982,0.05022,163.0,0.15,WIN,362.34
2026-05-06 07:10:10 CST,2026-05-06 09:12:35 CST,ENJUSDT,LONG,0.04946,0.04932,202.0,-0.0283,LOSS,122.41
2026-05-06 10:15:11 CST,2026-05-06 10:20:13 CST,ENJUSDT,SHORT,0.05004,0.05249,199.0,-0.4875,LOSS,5.02
2026-05-06 10:37:41 CST,2026-05-06 14:02:33 CST,ENJUSDT,SHORT,0.05071,0.05065,165.0,0.0099,WIN,204.87
2026-05-06 14:15:11 CST,2026-05-06 15:43:14 CST,ENJUSDT,SHORT,0.05066,0.05277,197.0,-0.4157,LOSS,88.03
2026-05-06 17:12:42 CST,2026-05-06 18:45:06 CST,ENJUSDT,LONG,0.05118,0.05071,195.0,-0.0916,LOSS,92.4
2026-05-06 19:40:11 CST,2026-05-06 21:15:09 CST,ENJUSDT,SHORT,0.0512,0.05193,195.0,-0.1424,LOSS,94.97
2026-05-06 22:42:42 CST,2026-05-07 04:20:02 CST,ENJUSDT,SHORT,0.05072,0.05083,197.0,-0.0217,LOSS,337.34
2026-05-07 04:32:42 CST,2026-05-07 06:05:06 CST,ENJUSDT,SHORT,0.051,0.05122,5.0,-0.0011,LOSS,92.41
2026-05-07 04:32:42 CST,2026-05-07 06:05:06 CST,ENJUSDT,SHORT,0.051,0.05122,102.0,-0.0224,LOSS,92.41
2026-05-07 06:17:42 CST,2026-05-07 09:12:35 CST,ENJUSDT,SHORT,0.05139,0.05147,192.0,-0.0154,LOSS,174.88
2026-05-07 09:57:45 CST,2026-05-07 11:57:35 CST,ENJUSDT,LONG,0.05052,0.05041,101.0,-0.0111,LOSS,119.84
2026-05-07 09:57:45 CST,2026-05-07 11:57:35 CST,ENJUSDT,LONG,0.05052,0.05041,96.0,-0.0106,LOSS,119.84
2026-05-07 13:32:43 CST,2026-05-07 19:35:03 CST,ENJUSDT,SHORT,0.0507,0.04989,118.0,0.0956,WIN,362.32
2026-05-07 19:55:11 CST,2026-05-07 21:27:36 CST,ENJUSDT,SHORT,0.05008,0.05085,199.0,-0.1532,LOSS,92.41
2026-05-07 23:30:13 CST,2026-05-08 05:32:32 CST,ENJUSDT,SHORT,0.05109,0.05,104.0,0.1134,WIN,362.31
2026-05-04 17:00:07 CST,2026-05-04 17:37:37 CST,NAORISUSDT,LONG,0.13515851,0.13823,37.0,0.0,BREAKEVEN,37.51
2026-05-04 17:00:07 CST,2026-05-04 17:37:37 CST,NAORISUSDT,LONG,0.13515851,0.13822,3.0,0.0,BREAKEVEN,37.51
2026-05-04 17:00:07 CST,2026-05-04 18:32:38 CST,NAORISUSDT,LONG,0.14037013,0.15836,36.0,0.0,BREAKEVEN,92.52
2026-05-04 17:00:07 CST,2026-05-04 21:25:10 CST,NAORISUSDT,LONG,0.15214304,0.15118,40.0,0.0,BREAKEVEN,265.05
2026-05-04 17:00:07 CST,2026-05-05 00:24:05 CST,NAORISUSDT,LONG,0.13828619,0.14298,46.0,0.598,WIN,443.97
2026-05-04 17:00:07 CST,2026-05-05 02:55:12 CST,NAORISUSDT,LONG,0.13828619,0.13714,38.0,0.0,BREAKEVEN,595.08
2026-05-04 17:00:07 CST,2026-05-05 05:17:41 CST,NAORISUSDT,LONG,0.1388872,0.13937,37.0,0.0,BREAKEVEN,737.57
2026-05-04 17:00:07 CST,2026-05-05 05:17:41 CST,NAORISUSDT,LONG,0.1388872,0.13937,34.0,0.0,BREAKEVEN,737.57
2026-05-04 17:00:07 CST,2026-05-05 08:42:43 CST,NAORISUSDT,LONG,0.13805285,0.13533,39.0,-0.0027,LOSS,942.61
2026-05-04 17:00:07 CST,2026-05-05 11:02:36 CST,NAORISUSDT,LONG,0.13658089,0.13358,38.0,-0.0313,LOSS,1082.49
2026-05-04 17:00:07 CST,2026-05-05 11:02:36 CST,NAORISUSDT,LONG,0.13658089,0.13358,12.0,-0.0099,LOSS,1082.49
2026-05-04 17:00:07 CST,2026-05-05 12:10:12 CST,NAORISUSDT,LONG,0.13658089,0.13564,39.0,0.0,BREAKEVEN,1150.09
2026-05-04 17:00:07 CST,2026-05-05 16:40:05 CST,NAORISUSDT,LONG,0.13467309,0.13297,40.0,-0.008,LOSS,1419.97
2026-05-04 17:00:07 CST,2026-05-05 16:40:05 CST,NAORISUSDT,LONG,0.13467309,0.13293,29.0,-0.007,LOSS,1419.97
2026-05-04 17:00:07 CST,2026-05-05 19:15:12 CST,NAORISUSDT,LONG,0.13467309,0.13407,41.0,0.0,BREAKEVEN,1575.09
2026-05-04 17:00:07 CST,2026-05-05 21:15:10 CST,NAORISUSDT,LONG,0.13567975,0.13763,59.0,0.0,BREAKEVEN,1695.06
2026-05-04 17:00:07 CST,2026-05-05 23:57:43 CST,NAORISUSDT,LONG,0.13871765,0.14098,36.0,0.0,BREAKEVEN,1857.6
2026-05-04 17:00:07 CST,2026-05-06 01:22:41 CST,NAORISUSDT,LONG,0.14257663,0.14868,34.0,0.0,BREAKEVEN,1942.56
2026-05-04 17:00:07 CST,2026-05-06 01:22:41 CST,NAORISUSDT,LONG,0.14257663,0.14867,2.0,0.0,BREAKEVEN,1942.56
2026-05-04 17:00:07 CST,2026-05-06 02:47:41 CST,NAORISUSDT,LONG,0.14857705,0.15574,60.0,0.0,BREAKEVEN,2027.58
2026-05-04 17:00:07 CST,2026-05-06 07:12:39 CST,NAORISUSDT,LONG,0.15460377,0.15705,63.0,0.0,BREAKEVEN,2292.54
2026-05-04 17:00:07 CST,2026-05-06 14:25:06 CST,NAORISUSDT,LONG,0.15329078,0.14816,34.0,-0.0116,LOSS,2724.99
2026-05-04 17:00:07 CST,2026-05-06 14:25:06 CST,NAORISUSDT,LONG,0.15329078,0.14815,22.0,-0.0077,LOSS,2724.99
2026-05-04 17:00:07 CST,2026-05-06 17:15:11 CST,NAORISUSDT,LONG,0.15329078,0.14842,67.0,0.0,BREAKEVEN,2895.08
2026-05-04 17:00:07 CST,2026-05-06 19:32:42 CST,NAORISUSDT,LONG,0.1495371,0.14983,34.0,0.0,BREAKEVEN,3032.59
2026-05-04 17:00:07 CST,2026-05-06 19:32:42 CST,NAORISUSDT,LONG,0.1495371,0.14982,32.0,0.0,BREAKEVEN,3032.59
2026-05-04 17:00:07 CST,2026-05-06 21:55:12 CST,NAORISUSDT,LONG,0.15509171,0.15443,64.0,0.0,BREAKEVEN,3175.09
2026-05-04 17:00:07 CST,2026-05-07 02:45:05 CST,NAORISUSDT,LONG,0.15274298,0.14585,35.0,-0.1617,LOSS,3464.98
2026-05-04 17:00:07 CST,2026-05-07 02:45:05 CST,NAORISUSDT,LONG,0.15274298,0.14584,17.0,-0.0787,LOSS,3464.98
2026-05-04 17:00:07 CST,2026-05-07 02:45:05 CST,NAORISUSDT,LONG,0.15274298,0.14583,14.0,-0.065,LOSS,3464.98
2026-05-04 17:00:07 CST,2026-05-07 03:37:41 CST,NAORISUSDT,LONG,0.15274298,0.14724,60.0,0.0,BREAKEVEN,3517.57
2026-05-04 17:00:07 CST,2026-05-07 06:25:14 CST,NAORISUSDT,LONG,0.1567784,0.15099,34.0,0.0,BREAKEVEN,3685.12
2026-05-04 17:00:07 CST,2026-05-07 09:37:36 CST,NAORISUSDT,LONG,0.1422786,0.13532,39.0,-0.0749,LOSS,3877.48
2026-05-04 17:00:07 CST,2026-05-07 09:37:36 CST,NAORISUSDT,LONG,0.1422786,0.13531,33.0,-0.0637,LOSS,3877.48
2026-05-04 17:00:07 CST,2026-05-07 10:27:41 CST,NAORISUSDT,LONG,0.1422786,0.13865,51.0,0.0,BREAKEVEN,3927.57
2026-05-04 17:00:07 CST,2026-05-07 14:12:43 CST,NAORISUSDT,LONG,0.13996389,0.13918,38.0,0.0,BREAKEVEN,4152.61
2026-05-04 17:00:07 CST,2026-05-07 14:12:43 CST,NAORISUSDT,LONG,0.13996389,0.13918,5.0,0.0,BREAKEVEN,4152.61
2026-05-04 17:00:07 CST,2026-05-07 20:25:11 CST,NAORISUSDT,LONG,0.13961879,0.13946,38.0,0.0,BREAKEVEN,4525.07
2026-05-04 17:00:07 CST,2026-05-07 20:25:11 CST,NAORISUSDT,LONG,0.13961879,0.13945,33.0,0.0,BREAKEVEN,4525.07
2026-05-04 17:00:07 CST,2026-05-08 02:57:42 CST,NAORISUSDT,LONG,0.13836306,0.13842,37.0,0.0,BREAKEVEN,4917.6
2026-05-04 17:00:07 CST,2026-05-08 02:57:42 CST,NAORISUSDT,LONG,0.13836306,0.13841,24.0,0.0,BREAKEVEN,4917.6
2026-05-04 17:00:07 CST,2026-05-08 12:12:37 CST,NAORISUSDT,LONG,0.12820134,0.12634,53.0,-0.0069,LOSS,5472.5
2026-05-04 17:00:08 CST,2026-05-04 18:07:44 CST,BASEDUSDT,LONG,0.09654586,0.0942,55.0,-0.0011,LOSS,67.62
2026-05-04 17:00:08 CST,2026-05-04 19:52:41 CST,BASEDUSDT,LONG,0.09654586,0.09533,55.0,0.0,BREAKEVEN,172.55
2026-05-04 17:00:08 CST,2026-05-05 04:32:40 CST,BASEDUSDT,LONG,0.09440741,0.09164,55.0,0.0,BREAKEVEN,692.54
2026-05-04 17:00:08 CST,2026-05-05 04:32:40 CST,BASEDUSDT,LONG,0.09440741,0.09164,3.0,0.0,BREAKEVEN,692.54
2026-05-04 17:00:08 CST,2026-05-05 08:25:05 CST,BASEDUSDT,LONG,0.09175871,0.09036,110.0,-0.0297,LOSS,924.95
2026-05-04 17:00:08 CST,2026-05-05 09:02:40 CST,BASEDUSDT,LONG,0.09175871,0.09064,65.0,0.0,BREAKEVEN,962.54
2026-05-04 17:00:08 CST,2026-05-05 14:30:11 CST,BASEDUSDT,LONG,0.09112267,0.09074,61.0,0.0,BREAKEVEN,1290.06
2026-05-04 17:00:08 CST,2026-05-05 23:27:35 CST,BASEDUSDT,LONG,0.08892065,0.08702,113.0,-0.0836,LOSS,1827.46
2026-05-04 17:00:08 CST,2026-05-06 01:15:07 CST,BASEDUSDT,LONG,0.0882665,0.08593,65.0,-0.0852,LOSS,1934.99
2026-05-04 17:00:08 CST,2026-05-06 01:32:42 CST,BASEDUSDT,LONG,0.0882665,0.08736,58.0,0.0,BREAKEVEN,1952.57
2026-05-04 17:00:08 CST,2026-05-06 04:20:12 CST,BASEDUSDT,LONG,0.08788751,0.08838,69.0,0.0,BREAKEVEN,2120.08
2026-05-04 17:00:08 CST,2026-05-06 06:05:12 CST,BASEDUSDT,LONG,0.0884789,0.0893,57.0,0.0,BREAKEVEN,2225.07
2026-05-04 17:00:08 CST,2026-05-06 06:05:12 CST,BASEDUSDT,LONG,0.0884789,0.0893,3.0,0.0,BREAKEVEN,2225.07
2026-05-04 17:00:08 CST,2026-05-06 10:50:10 CST,BASEDUSDT,LONG,0.08897367,0.08974,60.0,0.0,BREAKEVEN,2510.04
2026-05-04 17:00:08 CST,2026-05-06 11:20:10 CST,BASEDUSDT,LONG,0.09157739,0.09109,60.0,0.0,BREAKEVEN,2540.05
2026-05-04 17:00:08 CST,2026-05-06 20:10:05 CST,BASEDUSDT,LONG,0.08870727,0.08724,114.0,-0.0502,LOSS,3069.96
2026-05-04 17:00:08 CST,2026-05-06 21:50:12 CST,BASEDUSDT,LONG,0.08870727,0.08864,60.0,0.0,BREAKEVEN,3170.07
2026-05-04 17:00:08 CST,2026-05-06 21:50:12 CST,BASEDUSDT,LONG,0.08870727,0.08864,52.0,0.0,BREAKEVEN,3170.07
2026-05-04 17:00:08 CST,2026-05-06 23:42:41 CST,BASEDUSDT,LONG,0.08918242,0.08947,57.0,0.0,BREAKEVEN,3282.56
2026-05-04 17:00:08 CST,2026-05-06 23:42:41 CST,BASEDUSDT,LONG,0.08918242,0.08947,54.0,0.0,BREAKEVEN,3282.56
2026-05-04 17:00:08 CST,2026-05-07 01:27:42 CST,BASEDUSDT,LONG,0.08969126,0.09034,110.0,0.0,BREAKEVEN,3387.58
2026-05-04 17:00:08 CST,2026-05-07 03:12:42 CST,BASEDUSDT,LONG,0.09091931,0.09106,109.0,0.0,BREAKEVEN,3492.57
2026-05-04 17:00:08 CST,2026-05-07 06:07:40 CST,BASEDUSDT,LONG,0.09130475,0.09113,56.0,0.0,BREAKEVEN,3667.55
2026-05-04 17:00:08 CST,2026-05-07 16:25:02 CST,BASEDUSDT,LONG,0.09111325,0.09138,61.0,0.1501,WIN,4284.91
2026-05-04 17:00:08 CST,2026-05-07 16:25:02 CST,BASEDUSDT,LONG,0.09111325,0.09136,18.0,0.0439,WIN,4284.91
2026-05-04 17:00:08 CST,2026-05-07 16:25:12 CST,BASEDUSDT,LONG,0.09111325,0.09143,109.0,0.0,BREAKEVEN,4285.08
2026-05-04 17:00:08 CST,2026-05-07 18:50:12 CST,BASEDUSDT,LONG,0.09147311,0.09142,61.0,0.0,BREAKEVEN,4430.08
2026-05-04 17:00:08 CST,2026-05-07 18:50:12 CST,BASEDUSDT,LONG,0.09147311,0.09142,16.0,0.0,BREAKEVEN,4430.08
2026-05-04 17:00:08 CST,2026-05-07 19:45:13 CST,BASEDUSDT,LONG,0.09415821,0.09458,54.0,0.0,BREAKEVEN,4485.08
2026-05-04 17:00:08 CST,2026-05-07 19:45:13 CST,BASEDUSDT,LONG,0.09415821,0.09458,51.0,0.0,BREAKEVEN,4485.08
2026-05-04 17:00:08 CST,2026-05-07 20:15:11 CST,BASEDUSDT,LONG,0.09846299,0.09657,103.0,0.0,BREAKEVEN,4515.05
2026-05-04 17:00:08 CST,2026-05-08 03:10:05 CST,BASEDUSDT,LONG,0.09499798,0.09235,73.0,-0.0029,LOSS,4929.95
2026-05-04 17:00:08 CST,2026-05-08 04:55:07 CST,BASEDUSDT,LONG,0.09366763,0.0906,65.0,-0.0637,LOSS,5034.99
2026-05-04 17:00:08 CST,2026-05-08 06:30:14 CST,BASEDUSDT,LONG,0.09366763,0.0913,56.0,0.0,BREAKEVEN,5130.11
2026-05-04 17:00:08 CST,2026-05-08 06:30:14 CST,BASEDUSDT,LONG,0.09366763,0.0913,23.0,0.0,BREAKEVEN,5130.11
2026-05-04 17:00:08 CST,2026-05-08 13:25:10 CST,BASEDUSDT,LONG,0.09117554,0.09099,71.0,0.0,BREAKEVEN,5545.05
2026-05-04 17:00:08 CST,2026-05-05 01:05:14 CST,GUAUSDT,LONG,0.8805,0.9006,6.0,0.0,BREAKEVEN,485.1
2026-05-04 17:00:08 CST,2026-05-05 08:15:15 CST,GUAUSDT,LONG,0.86757273,0.8608,7.0,0.0,BREAKEVEN,915.12
2026-05-04 17:00:08 CST,2026-05-05 12:30:13 CST,GUAUSDT,LONG,0.86389917,0.858,6.0,0.0,BREAKEVEN,1170.08
2026-05-04 17:00:08 CST,2026-05-05 15:17:40 CST,GUAUSDT,LONG,0.86395417,0.8678,9.0,0.0,BREAKEVEN,1337.54
2026-05-04 17:00:08 CST,2026-05-05 21:22:41 CST,GUAUSDT,LONG,0.86759167,0.8687,2.0,0.0,BREAKEVEN,1702.55
2026-05-04 17:00:08 CST,2026-05-05 21:22:41 CST,GUAUSDT,LONG,0.86759167,0.8686,4.0,0.0,BREAKEVEN,1702.55
2026-05-04 17:00:08 CST,2026-05-05 23:42:40 CST,GUAUSDT,LONG,0.86852349,0.8676,6.0,0.0,BREAKEVEN,1842.54
2026-05-04 17:00:08 CST,2026-05-06 01:42:43 CST,GUAUSDT,LONG,0.86851068,0.8698,7.0,0.0,BREAKEVEN,1962.58
2026-05-04 17:00:08 CST,2026-05-06 06:40:09 CST,GUAUSDT,LONG,0.89319479,0.8991,11.0,0.0,BREAKEVEN,2260.03
2026-05-06 08:27:35 CST,2026-05-06 10:27:43 CST,GUAUSDT,LONG,0.902,0.9132,6.0,0.0,BREAKEVEN,120.13
2026-05-06 08:27:35 CST,2026-05-06 14:15:12 CST,GUAUSDT,LONG,0.91754545,0.9652,10.0,0.0,BREAKEVEN,347.62
2026-05-06 08:27:35 CST,2026-05-07 06:55:03 CST,GUAUSDT,LONG,0.91042121,0.9101,6.0,0.0028,WIN,1347.47
2026-05-06 08:27:35 CST,2026-05-07 06:55:03 CST,GUAUSDT,LONG,0.91042121,0.9101,4.0,0.0019,WIN,1347.47
2026-05-06 08:27:35 CST,2026-05-07 08:57:42 CST,GUAUSDT,LONG,0.91042121,0.9142,8.0,0.0,BREAKEVEN,1470.12
2026-05-06 08:27:35 CST,2026-05-07 14:10:15 CST,GUAUSDT,LONG,0.90247433,0.8785,6.0,-0.0014,LOSS,1782.67
2026-05-06 08:27:35 CST,2026-05-07 18:22:43 CST,GUAUSDT,LONG,0.90247433,0.8711,10.0,0.0,BREAKEVEN,2035.13
2026-05-06 08:27:35 CST,2026-05-07 21:15:12 CST,GUAUSDT,LONG,0.87449767,0.8792,6.0,0.0,BREAKEVEN,2207.63
2026-05-04 17:00:11 CST,2026-05-04 19:52:33 CST,NEIROUSDT,SHORT,9.44e-05,9.444e-05,71959.0,-0.0029,LOSS,172.38
2026-05-04 20:30:10 CST,2026-05-04 22:02:34 CST,NEIROUSDT,SHORT,9.47e-05,9.648e-05,56347.0,-0.1003,LOSS,92.42
2026-05-04 22:27:40 CST,2026-05-05 00:12:34 CST,NEIROUSDT,SHORT,9.698e-05,9.7e-05,103092.0,-0.0021,LOSS,104.91
2026-05-05 02:25:10 CST,2026-05-05 03:05:55 CST,NEIROUSDT,SHORT,9.753e-05,0.00010166,58245.0,-0.2406,LOSS,40.74
2026-05-05 03:27:40 CST,2026-05-05 04:12:36 CST,NEIROUSDT,SHORT,0.00010337,0.00010782,69147.0,-0.3077,LOSS,44.93
2026-05-05 04:27:40 CST,2026-05-05 05:44:37 CST,NEIROUSDT,SHORT,0.00011292,0.00010163,57166.0,0.6454,WIN,76.96
2026-05-05 07:00:11 CST,2026-05-05 13:02:32 CST,NEIROUSDT,SHORT,0.00010327,0.00010105,49481.0,0.1098,WIN,362.34
2026-05-05 07:00:11 CST,2026-05-05 13:02:32 CST,NEIROUSDT,SHORT,0.00010327,0.00010105,47343.0,0.1051,WIN,362.34
2026-05-05 13:10:12 CST,2026-05-05 15:42:34 CST,NEIROUSDT,SHORT,0.00010197,0.00010225,68791.0,-0.0193,LOSS,152.36
2026-05-05 15:55:10 CST,2026-05-05 21:57:32 CST,NEIROUSDT,SHORT,0.00010261,0.00010019,49906.0,0.1208,WIN,362.37
2026-05-05 15:55:10 CST,2026-05-05 21:57:32 CST,NEIROUSDT,SHORT,0.00010261,0.0001002,19022.0,0.0458,WIN,362.37
2026-05-05 21:57:41 CST,2026-05-06 04:00:03 CST,NEIROUSDT,SHORT,0.00010014,9.81e-05,62784.0,0.1281,WIN,362.38
2026-05-06 04:30:10 CST,2026-05-06 06:02:34 CST,NEIROUSDT,SHORT,9.844e-05,9.958e-05,89356.0,-0.1019,LOSS,92.4
2026-05-06 06:25:09 CST,2026-05-06 12:27:32 CST,NEIROUSDT,SHORT,0.00010009,9.746e-05,99900.0,0.2627,WIN,362.37
2026-05-06 12:47:42 CST,2026-05-06 14:25:06 CST,NEIROUSDT,LONG,9.69e-05,9.674e-05,51685.0,-0.0083,LOSS,97.4
2026-05-06 12:47:42 CST,2026-05-06 14:25:06 CST,NEIROUSDT,LONG,9.69e-05,9.674e-05,35753.0,-0.0057,LOSS,97.4
2026-05-06 14:45:12 CST,2026-05-06 16:17:36 CST,NEIROUSDT,SHORT,9.705e-05,9.849e-05,10882.0,-0.0157,LOSS,92.41
2026-05-06 14:45:12 CST,2026-05-06 16:17:36 CST,NEIROUSDT,SHORT,9.705e-05,9.849e-05,92147.0,-0.1327,LOSS,92.41
2026-05-06 16:30:11 CST,2026-05-06 22:32:32 CST,NEIROUSDT,SHORT,9.917e-05,9.38e-05,100908.0,0.5419,WIN,362.34
2026-05-06 22:45:13 CST,2026-05-07 00:17:37 CST,NEIROUSDT,SHORT,9.441e-05,9.776e-05,105932.0,-0.3549,LOSS,92.39
2026-05-07 00:30:13 CST,2026-05-07 02:02:36 CST,NEIROUSDT,SHORT,9.784e-05,9.81e-05,101948.0,-0.0265,LOSS,92.38
2026-05-07 00:30:13 CST,2026-05-07 02:02:36 CST,NEIROUSDT,SHORT,9.784e-05,9.811e-05,259.0,-0.0001,LOSS,92.38
2026-05-07 02:17:42 CST,2026-05-07 07:57:32 CST,NEIROUSDT,SHORT,9.836e-05,9.854e-05,101574.0,-0.0188,LOSS,339.83
2026-05-07 09:05:14 CST,2026-05-07 10:37:37 CST,NEIROUSDT,LONG,9.642e-05,9.569e-05,103616.0,-0.0756,LOSS,92.38
2026-05-07 11:35:14 CST,2026-05-07 13:07:36 CST,NEIROUSDT,SHORT,9.59e-05,9.651e-05,41059.0,-0.025,LOSS,92.37
2026-05-07 11:35:14 CST,2026-05-07 13:07:36 CST,NEIROUSDT,SHORT,9.59e-05,9.651e-05,20648.0,-0.0126,LOSS,92.37
2026-05-07 13:22:42 CST,2026-05-07 14:55:06 CST,NEIROUSDT,SHORT,9.715e-05,9.717e-05,51457.0,-0.001,LOSS,92.41
2026-05-07 13:22:42 CST,2026-05-07 14:55:06 CST,NEIROUSDT,SHORT,9.715e-05,9.717e-05,40800.0,-0.0008,LOSS,92.41
2026-05-07 15:07:43 CST,2026-05-07 21:10:03 CST,NEIROUSDT,SHORT,9.805e-05,9.713e-05,54052.0,0.0497,WIN,362.33
2026-05-07 15:07:43 CST,2026-05-07 21:10:03 CST,NEIROUSDT,SHORT,9.805e-05,9.714e-05,47926.0,0.0436,WIN,362.33
2026-05-07 22:07:40 CST,2026-05-08 04:10:02 CST,NEIROUSDT,LONG,9.618e-05,9.867e-05,103563.0,0.2579,WIN,362.36
2026-05-08 04:10:11 CST,2026-05-08 05:42:35 CST,NEIROUSDT,SHORT,9.868e-05,0.00010081,54610.0,-0.1163,LOSS,92.41
2026-05-08 05:57:40 CST,2026-05-08 07:30:08 CST,NEIROUSDT,SHORT,9.995e-05,0.00010035,61975.0,-0.0248,LOSS,92.46
2026-05-08 07:45:10 CST,2026-05-08 10:20:04 CST,NEIROUSDT,LONG,9.95e-05,9.937e-05,100472.0,-0.0131,LOSS,154.89
2026-05-08 10:57:41 CST,2026-05-08 12:30:07 CST,NEIROUSDT,SHORT,0.00010062,0.00010087,51746.0,-0.013,LOSS,92.43
2026-05-04 17:00:11 CST,2026-05-04 19:52:33 CST,PNUTUSDT,SHORT,0.06034,0.06041,112.0,-0.0078,LOSS,172.37
2026-05-04 20:17:38 CST,2026-05-04 22:02:34 CST,PNUTUSDT,SHORT,0.06041,0.06037,84.0,0.0034,WIN,104.92
2026-05-05 00:10:10 CST,2026-05-05 02:22:35 CST,PNUTUSDT,SHORT,0.06102,0.06104,85.0,-0.0017,LOSS,132.41
2026-05-05 02:55:09 CST,2026-05-05 04:27:34 CST,PNUTUSDT,SHORT,0.06133,0.06354,80.0,-0.1768,LOSS,92.41
2026-05-05 02:55:09 CST,2026-05-05 04:27:34 CST,PNUTUSDT,SHORT,0.06133,0.06355,5.0,-0.0111,LOSS,92.41
2026-05-05 11:02:43 CST,2026-05-05 12:35:07 CST,PNUTUSDT,LONG,0.06009,0.06005,85.0,-0.0034,LOSS,92.4
2026-05-05 11:02:43 CST,2026-05-05 12:35:07 CST,PNUTUSDT,LONG,0.06009,0.06005,12.0,-0.0005,LOSS,92.4
2026-05-05 15:22:41 CST,2026-05-05 16:55:08 CST,PNUTUSDT,SHORT,0.06046,0.06051,46.0,-0.0023,LOSS,92.45
2026-05-05 15:22:41 CST,2026-05-05 16:55:08 CST,PNUTUSDT,SHORT,0.06046,0.06051,46.0,-0.0023,LOSS,92.45
2026-05-05 17:42:41 CST,2026-05-05 23:45:02 CST,PNUTUSDT,LONG,0.0598,0.06064,11.0,0.0092,WIN,362.35
2026-05-05 17:42:41 CST,2026-05-05 23:45:02 CST,PNUTUSDT,LONG,0.0598,0.06064,91.0,0.0764,WIN,362.35
2026-05-05 17:42:41 CST,2026-05-05 23:45:02 CST,PNUTUSDT,LONG,0.0598,0.06064,65.0,0.0546,WIN,362.35
2026-05-06 00:10:12 CST,2026-05-06 04:40:03 CST,PNUTUSDT,SHORT,0.06227,0.06243,90.0,-0.0144,LOSS,269.84
2026-05-06 05:30:10 CST,2026-05-06 07:02:34 CST,PNUTUSDT,SHORT,0.06292,0.06335,80.0,-0.0344,LOSS,92.4
2026-05-06 05:30:10 CST,2026-05-06 07:02:34 CST,PNUTUSDT,SHORT,0.06292,0.06335,63.0,-0.0271,LOSS,92.4
2026-05-06 08:07:41 CST,2026-05-06 09:40:07 CST,PNUTUSDT,LONG,0.06208,0.06121,160.0,-0.1392,LOSS,92.44
2026-05-06 10:02:44 CST,2026-05-06 11:40:05 CST,PNUTUSDT,SHORT,0.06165,0.0616,162.0,0.0081,WIN,97.36
2026-05-06 12:05:12 CST,2026-05-06 15:05:05 CST,PNUTUSDT,SHORT,0.06227,0.06239,124.0,-0.0149,LOSS,179.89
2026-05-06 12:05:12 CST,2026-05-06 15:05:05 CST,PNUTUSDT,SHORT,0.06227,0.06239,31.0,-0.0037,LOSS,179.89
2026-05-06 15:17:41 CST,2026-05-06 16:50:06 CST,PNUTUSDT,SHORT,0.06251,0.06333,159.0,-0.1304,LOSS,92.42
2026-05-06 18:32:41 CST,2026-05-07 00:35:02 CST,PNUTUSDT,SHORT,0.0623,0.06089,150.0,0.2115,WIN,362.35
2026-05-06 18:32:41 CST,2026-05-07 00:35:02 CST,PNUTUSDT,SHORT,0.0623,0.06089,10.0,0.0141,WIN,362.35
2026-05-07 00:35:12 CST,2026-05-07 02:07:36 CST,PNUTUSDT,SHORT,0.06084,0.06162,83.0,-0.0647,LOSS,92.4
2026-05-07 00:35:12 CST,2026-05-07 02:07:36 CST,PNUTUSDT,SHORT,0.06084,0.06162,15.0,-0.0117,LOSS,92.4
2026-05-07 02:20:13 CST,2026-05-07 03:52:36 CST,PNUTUSDT,SHORT,0.06145,0.06159,162.0,-0.0227,LOSS,92.38
2026-05-07 04:05:13 CST,2026-05-07 05:37:35 CST,PNUTUSDT,LONG,0.06128448,0.06082,84.0,-0.039,LOSS,92.37
2026-05-07 04:05:13 CST,2026-05-07 05:37:35 CST,PNUTUSDT,LONG,0.06128448,0.06082,79.0,-0.0367,LOSS,92.37
2026-05-07 06:42:44 CST,2026-05-07 08:15:07 CST,PNUTUSDT,SHORT,0.06137,0.06207,82.0,-0.0574,LOSS,92.38
2026-05-07 06:42:44 CST,2026-05-07 08:15:07 CST,PNUTUSDT,SHORT,0.06137,0.06207,17.0,-0.0119,LOSS,92.38
2026-05-07 08:47:44 CST,2026-05-07 10:20:07 CST,PNUTUSDT,LONG,0.06101,0.05937,140.0,-0.2296,LOSS,92.39
2026-05-07 13:32:42 CST,2026-05-07 15:05:07 CST,PNUTUSDT,SHORT,0.0601,0.06065,4.0,-0.0022,LOSS,92.42
2026-05-07 13:32:42 CST,2026-05-07 15:05:07 CST,PNUTUSDT,SHORT,0.0601,0.06065,96.0,-0.0528,LOSS,92.42
2026-05-07 15:17:43 CST,2026-05-07 16:50:06 CST,PNUTUSDT,SHORT,0.06069,0.06094,162.0,-0.0405,LOSS,92.39
2026-05-07 18:30:12 CST,2026-05-07 20:02:36 CST,PNUTUSDT,SHORT,0.06097,0.06133,94.0,-0.0338,LOSS,92.39
2026-05-07 20:17:41 CST,2026-05-07 21:57:35 CST,PNUTUSDT,LONG,0.06051,0.06036,84.0,-0.0126,LOSS,99.9
2026-05-07 20:17:41 CST,2026-05-07 21:57:35 CST,PNUTUSDT,LONG,0.06051,0.06035,81.0,-0.013,LOSS,99.9
2026-05-07 22:32:41 CST,2026-05-08 00:05:06 CST,PNUTUSDT,SHORT,0.06095,0.06102,163.0,-0.0114,LOSS,92.42
2026-05-08 00:42:42 CST,2026-05-08 03:40:05 CST,PNUTUSDT,SHORT,0.06127,0.06129,119.0,-0.0024,LOSS,177.38
2026-05-08 04:27:40 CST,2026-05-08 09:22:32 CST,PNUTUSDT,SHORT,0.06156,0.06169,113.0,-0.0147,LOSS,294.86
2026-05-08 09:42:40 CST,2026-05-08 11:15:06 CST,PNUTUSDT,SHORT,0.06221,0.06223,93.0,-0.0019,LOSS,92.42
2026-05-04 17:00:13 CST,2026-05-04 20:12:33 CST,AIAUSDT,SHORT,0.05138,0.05145,132.0,-0.0092,LOSS,192.34
2026-05-05 04:32:39 CST,2026-05-05 06:05:06 CST,AIAUSDT,SHORT,0.05091,0.05156,105.0,-0.0683,LOSS,92.45
2026-05-05 07:35:11 CST,2026-05-05 09:07:35 CST,AIAUSDT,SHORT,0.0516,0.05218,101.0,-0.0586,LOSS,92.39
2026-05-05 07:35:11 CST,2026-05-05 09:07:35 CST,AIAUSDT,SHORT,0.0516,0.05219,57.0,-0.0336,LOSS,92.39
2026-05-05 13:02:42 CST,2026-05-05 14:35:06 CST,AIAUSDT,SHORT,0.05272,0.05326,137.0,-0.074,LOSS,92.39
2026-05-05 14:55:11 CST,2026-05-05 16:47:36 CST,AIAUSDT,LONG,0.05289,0.05286,133.0,-0.004,LOSS,112.41
2026-05-05 21:02:43 CST,2026-05-05 22:35:05 CST,AIAUSDT,SHORT,0.05247,0.0527,100.0,-0.023,LOSS,92.37
2026-05-05 21:02:43 CST,2026-05-05 22:35:05 CST,AIAUSDT,SHORT,0.05247,0.05271,13.0,-0.0031,LOSS,92.37
2026-05-06 05:05:11 CST,2026-05-06 11:07:32 CST,AIAUSDT,SHORT,0.05098,0.05042,104.0,0.0582,WIN,362.35
2026-05-06 13:27:43 CST,2026-05-06 16:30:05 CST,AIAUSDT,SHORT,0.05054,0.05058,2.0,-0.0001,LOSS,182.36
2026-05-06 13:27:43 CST,2026-05-06 16:30:05 CST,AIAUSDT,SHORT,0.05054,0.05059,105.0,-0.0052,LOSS,182.36
2026-05-06 16:55:12 CST,2026-05-06 21:05:03 CST,AIAUSDT,SHORT,0.0507,0.05074,197.0,-0.0079,LOSS,249.85
2026-05-07 00:52:42 CST,2026-05-07 02:47:36 CST,AIAUSDT,SHORT,0.05014,0.0502,199.0,-0.0119,LOSS,114.89
2026-05-07 03:07:41 CST,2026-05-07 04:45:05 CST,AIAUSDT,SHORT,0.0505397,0.05071,197.0,-0.0335,LOSS,97.4
2026-05-07 04:57:42 CST,2026-05-07 08:27:33 CST,AIAUSDT,SHORT,0.05119,0.0515,195.0,-0.0604,LOSS,209.85
2026-05-07 11:35:14 CST,2026-05-07 13:07:36 CST,AIAUSDT,SHORT,0.05071,0.05108,116.0,-0.0429,LOSS,92.37
2026-05-07 13:45:14 CST,2026-05-07 15:17:35 CST,AIAUSDT,SHORT,0.05132,0.05149,159.0,-0.027,LOSS,92.35
2026-05-07 16:25:12 CST,2026-05-07 17:57:38 CST,AIAUSDT,SHORT,0.05163,0.05181,193.0,-0.0347,LOSS,92.43
2026-05-07 18:12:44 CST,2026-05-07 19:50:06 CST,AIAUSDT,SHORT,0.05163222,0.05179,167.0,-0.0263,LOSS,97.36
2026-05-07 20:12:41 CST,2026-05-07 22:05:06 CST,AIAUSDT,SHORT,0.05222,0.05227,191.0,-0.0095,LOSS,112.41
2026-05-07 23:12:42 CST,2026-05-08 00:45:08 CST,AIAUSDT,SHORT,0.05241,0.05243,123.0,-0.0025,LOSS,92.43
2026-05-08 03:35:12 CST,2026-05-08 08:05:03 CST,AIAUSDT,SHORT,0.05321,0.05323,175.0,-0.0035,LOSS,269.85
2026-05-08 08:52:41 CST,2026-05-08 10:25:07 CST,AIAUSDT,SHORT,0.0532,0.05337,100.0,-0.017,LOSS,92.43
2026-05-08 10:47:41 CST,2026-05-08 11:12:45 CST,AIAUSDT,SHORT,0.0539,0.05609,185.0,-0.4052,LOSS,25.06
2026-05-08 11:50:10 CST,2026-05-08 13:22:36 CST,AIAUSDT,SHORT,0.05837,0.05956,88.0,-0.1047,LOSS,92.44
2026-05-04 17:07:33 CST,2026-05-04 18:32:39 CST,RIVERUSDT,LONG,6.225,6.257,0.9,0.0,BREAKEVEN,85.09
2026-05-04 17:07:33 CST,2026-05-04 20:30:08 CST,RIVERUSDT,LONG,6.2565,6.324,0.8,0.0,BREAKEVEN,202.58
2026-05-04 17:07:33 CST,2026-05-05 03:07:41 CST,RIVERUSDT,LONG,6.15625,6.106,1.1,0.0,BREAKEVEN,600.13
2026-05-04 17:07:33 CST,2026-05-05 04:57:41 CST,RIVERUSDT,LONG,6.17395312,6.178,0.9,0.0,BREAKEVEN,710.13
2026-05-04 17:07:33 CST,2026-05-05 06:42:40 CST,RIVERUSDT,LONG,6.18691699,6.194,0.9,0.0,BREAKEVEN,815.11
2026-05-04 17:07:33 CST,2026-05-05 08:35:09 CST,RIVERUSDT,LONG,6.19202618,6.195,1.1,0.0,BREAKEVEN,927.6
2026-05-04 17:07:33 CST,2026-05-05 14:37:40 CST,RIVERUSDT,LONG,6.04213318,5.972,1.6,0.0,BREAKEVEN,1290.11
2026-05-05 16:10:05 CST,2026-05-05 17:35:10 CST,RIVERUSDT,LONG,6.057,6.078,1.4,0.0,BREAKEVEN,85.08
2026-05-05 16:10:05 CST,2026-05-06 00:02:48 CST,RIVERUSDT,LONG,5.76864,5.701,0.9,-0.0027,LOSS,472.71
2026-05-05 16:10:05 CST,2026-05-06 01:40:05 CST,RIVERUSDT,LONG,5.73823111,5.676,1.1,-0.0198,LOSS,570.0
2026-05-05 16:10:05 CST,2026-05-06 03:57:40 CST,RIVERUSDT,LONG,5.73823111,5.896,1.0,0.0,BREAKEVEN,707.59
2026-05-05 16:10:05 CST,2026-05-06 05:45:10 CST,RIVERUSDT,LONG,5.85996167,5.965,0.9,0.0,BREAKEVEN,815.08
2026-05-05 16:10:05 CST,2026-05-06 05:45:10 CST,RIVERUSDT,LONG,5.85996167,5.965,0.1,0.0,BREAKEVEN,815.08
2026-05-05 16:10:05 CST,2026-05-06 09:02:42 CST,RIVERUSDT,LONG,5.93186063,5.951,1.2,0.0,BREAKEVEN,1012.61
2026-05-05 16:10:05 CST,2026-05-06 17:40:04 CST,RIVERUSDT,LONG,5.97904974,6.148,1.3,0.3003,WIN,1529.98
2026-05-05 16:10:05 CST,2026-05-06 18:52:42 CST,RIVERUSDT,LONG,5.97904974,6.172,1.6,0.0,BREAKEVEN,1602.62
2026-05-05 16:10:05 CST,2026-05-07 02:55:11 CST,RIVERUSDT,LONG,6.021,6.033,1.6,0.0,BREAKEVEN,2085.1
2026-05-05 16:10:05 CST,2026-05-07 05:20:12 CST,RIVERUSDT,LONG,6.057,6.049,1.0,0.0,BREAKEVEN,2230.11
2026-05-05 16:10:05 CST,2026-05-07 07:05:11 CST,RIVERUSDT,LONG,6.070125,6.127,0.9,0.0,BREAKEVEN,2335.1
2026-05-05 16:10:05 CST,2026-05-07 07:05:11 CST,RIVERUSDT,LONG,6.070125,6.127,0.1,0.0,BREAKEVEN,2335.1
2026-05-05 16:10:05 CST,2026-05-07 10:52:37 CST,RIVERUSDT,LONG,6.08089844,6.036,0.9,-0.0018,LOSS,2562.53
2026-05-05 16:10:05 CST,2026-05-07 10:52:37 CST,RIVERUSDT,LONG,6.08089844,6.036,0.7,-0.0014,LOSS,2562.53
2026-05-05 16:10:05 CST,2026-05-07 11:05:13 CST,RIVERUSDT,LONG,6.08089844,6.102,1.6,0.0,BREAKEVEN,2575.12
2026-05-05 16:10:05 CST,2026-05-07 15:47:36 CST,RIVERUSDT,LONG,6.10685714,6.077,1.2,0.006,WIN,2857.52
2026-05-05 16:10:05 CST,2026-05-07 16:45:11 CST,RIVERUSDT,LONG,6.10685714,6.124,1.6,0.0,BREAKEVEN,2915.1
2026-05-05 16:10:05 CST,2026-05-07 19:05:11 CST,RIVERUSDT,LONG,6.129,6.163,0.9,0.0,BREAKEVEN,3055.1
2026-05-05 16:10:05 CST,2026-05-07 19:05:11 CST,RIVERUSDT,LONG,6.129,6.163,0.3,0.0,BREAKEVEN,3055.1
2026-05-05 16:10:05 CST,2026-05-07 23:52:41 CST,RIVERUSDT,LONG,6.17025,6.176,0.9,0.0,BREAKEVEN,3342.6
2026-05-05 16:10:05 CST,2026-05-08 02:57:42 CST,RIVERUSDT,LONG,6.18192187,6.207,1.3,0.0,BREAKEVEN,3527.61
2026-05-05 16:10:05 CST,2026-05-08 04:42:44 CST,RIVERUSDT,LONG,6.26079785,6.281,1.0,0.0,BREAKEVEN,3632.64
2026-05-05 16:10:05 CST,2026-05-08 04:42:44 CST,RIVERUSDT,LONG,6.26079785,6.281,0.2,0.0,BREAKEVEN,3632.64
2026-05-05 16:10:05 CST,2026-05-08 09:27:40 CST,RIVERUSDT,LONG,6.28494946,6.29,0.8,0.0,BREAKEVEN,3917.58
2026-05-05 16:10:05 CST,2026-05-08 11:15:11 CST,RIVERUSDT,LONG,6.31297473,6.366,0.9,0.0,BREAKEVEN,4025.09
2026-05-04 17:07:38 CST,2026-05-04 23:10:02 CST,HEMIUSDT,SHORT,0.00787789,0.00777,719.0,0.0776,WIN,362.41
2026-05-05 03:27:41 CST,2026-05-05 05:00:05 CST,HEMIUSDT,SHORT,0.00774,0.007771,657.0,-0.0204,LOSS,92.39
2026-05-05 03:27:41 CST,2026-05-05 05:00:05 CST,HEMIUSDT,SHORT,0.00774,0.007771,261.0,-0.0081,LOSS,92.39
2026-05-05 05:12:41 CST,2026-05-05 06:45:05 CST,HEMIUSDT,SHORT,0.00780251,0.007817,646.0,-0.0094,LOSS,92.41
2026-05-05 05:12:41 CST,2026-05-05 06:45:05 CST,HEMIUSDT,SHORT,0.00780251,0.007818,635.0,-0.0098,LOSS,92.41
2026-05-05 07:27:39 CST,2026-05-05 09:02:34 CST,HEMIUSDT,SHORT,0.00784275,0.007853,644.0,-0.0066,LOSS,94.92
2026-05-05 07:27:39 CST,2026-05-05 09:02:34 CST,HEMIUSDT,SHORT,0.00784275,0.007854,254.0,-0.0029,LOSS,94.92
2026-05-05 09:37:41 CST,2026-05-05 11:10:07 CST,HEMIUSDT,LONG,0.007779,0.007674,659.0,-0.0692,LOSS,92.42
2026-05-05 09:37:41 CST,2026-05-05 11:10:07 CST,HEMIUSDT,LONG,0.007779,0.007673,580.0,-0.0615,LOSS,92.42
2026-05-05 14:10:11 CST,2026-05-05 15:47:35 CST,HEMIUSDT,SHORT,0.007799,0.007815,648.0,-0.0104,LOSS,97.39
2026-05-05 14:10:11 CST,2026-05-05 15:47:35 CST,HEMIUSDT,SHORT,0.007799,0.007816,73.0,-0.0012,LOSS,97.39
2026-05-05 16:55:13 CST,2026-05-05 19:40:05 CST,HEMIUSDT,SHORT,0.007882,0.00791,276.0,-0.0077,LOSS,164.86
2026-05-05 16:55:13 CST,2026-05-05 19:40:05 CST,HEMIUSDT,SHORT,0.007882,0.00791,705.0,-0.0197,LOSS,164.86
2026-05-05 20:05:11 CST,2026-05-05 21:37:35 CST,HEMIUSDT,SHORT,0.007914,0.007923,644.0,-0.0058,LOSS,92.39
2026-05-05 20:05:11 CST,2026-05-05 21:37:35 CST,HEMIUSDT,SHORT,0.007914,0.007924,31.0,-0.0003,LOSS,92.39
2026-05-05 23:42:41 CST,2026-05-06 01:15:07 CST,HEMIUSDT,LONG,0.00784311,0.007816,658.0,-0.0178,LOSS,92.42
2026-05-05 23:42:41 CST,2026-05-06 01:15:07 CST,HEMIUSDT,LONG,0.00784311,0.007816,68.0,-0.0018,LOSS,92.42
2026-05-06 01:42:42 CST,2026-05-06 03:15:05 CST,HEMIUSDT,SHORT,0.007937,0.007941,798.0,-0.0032,LOSS,92.38
2026-05-06 05:05:12 CST,2026-05-06 06:37:34 CST,HEMIUSDT,SHORT,0.008015,0.008031,630.0,-0.0101,LOSS,92.36
2026-05-06 05:05:12 CST,2026-05-06 06:37:34 CST,HEMIUSDT,SHORT,0.008015,0.008031,32.0,-0.0005,LOSS,92.36
2026-05-06 08:47:42 CST,2026-05-06 10:37:35 CST,HEMIUSDT,LONG,0.00788435,0.007878,983.0,-0.0062,LOSS,109.89
2026-05-06 11:37:41 CST,2026-05-06 17:40:03 CST,HEMIUSDT,SHORT,0.007923,0.007786,1041.0,0.1426,WIN,362.37
2026-05-06 19:15:11 CST,2026-05-07 01:12:33 CST,HEMIUSDT,SHORT,0.00774,0.007766,1291.0,-0.0336,LOSS,357.37
2026-05-07 01:25:12 CST,2026-05-07 02:57:36 CST,HEMIUSDT,SHORT,0.007759,0.007784,1288.0,-0.0322,LOSS,92.4
2026-05-07 03:10:12 CST,2026-05-07 04:55:05 CST,HEMIUSDT,SHORT,0.007794,0.007795,1237.0,-0.0012,LOSS,104.9
2026-05-07 03:10:12 CST,2026-05-07 04:55:05 CST,HEMIUSDT,SHORT,0.007794,0.007796,46.0,-0.0001,LOSS,104.9
2026-05-07 06:25:13 CST,2026-05-07 11:05:03 CST,HEMIUSDT,SHORT,0.007782,0.007786,676.0,-0.0027,LOSS,279.84
2026-05-07 12:10:15 CST,2026-05-07 13:42:37 CST,HEMIUSDT,SHORT,0.007989,0.008035,629.0,-0.0289,LOSS,92.36
2026-05-07 12:10:15 CST,2026-05-07 13:42:37 CST,HEMIUSDT,SHORT,0.007989,0.008035,622.0,-0.0286,LOSS,92.36
2026-05-07 15:07:43 CST,2026-05-07 16:40:06 CST,HEMIUSDT,SHORT,0.008043,0.008186,1243.0,-0.1777,LOSS,92.37
2026-05-07 17:27:42 CST,2026-05-07 19:27:36 CST,HEMIUSDT,SHORT,0.008199,0.008202,534.0,-0.0016,LOSS,119.9
2026-05-07 17:27:42 CST,2026-05-07 19:27:36 CST,HEMIUSDT,SHORT,0.008199,0.008203,177.0,-0.0007,LOSS,119.9
2026-05-07 21:15:14 CST,2026-05-07 21:15:17 CST,HEMIUSDT,LONG,0.008052,0.008049,634.0,-0.0019,LOSS,0.04
2026-05-07 21:15:14 CST,2026-05-07 21:15:17 CST,HEMIUSDT,LONG,0.008052,0.008048,21.0,-0.0001,LOSS,0.04
2026-05-07 21:20:12 CST,2026-05-08 01:50:03 CST,HEMIUSDT,LONG,0.00803,0.008024,1108.0,-0.0066,LOSS,269.85
2026-05-08 03:20:10 CST,2026-05-08 03:20:35 CST,HEMIUSDT,SHORT,0.00805878,0.008437,800.0,-0.3026,LOSS,0.4
2026-05-08 03:35:11 CST,2026-05-08 05:07:36 CST,HEMIUSDT,SHORT,0.008111,0.008134,1154.0,-0.0265,LOSS,92.41
2026-05-08 06:07:41 CST,2026-05-08 07:40:05 CST,HEMIUSDT,SHORT,0.00815567,0.008188,6.0,-0.0002,LOSS,92.39
2026-05-08 06:07:41 CST,2026-05-08 07:40:05 CST,HEMIUSDT,SHORT,0.00815567,0.008189,918.0,-0.0306,LOSS,92.39
2026-05-04 17:07:38 CST,2026-05-04 17:10:05 CST,PLAYUSDT,SHORT,0.12397,0.12927,45.0,-0.2385,LOSS,2.45
2026-05-04 19:42:42 CST,2026-05-05 01:45:03 CST,PLAYUSDT,SHORT,0.1165,0.10894,44.0,0.3326,WIN,362.35
2026-05-05 04:32:38 CST,2026-05-05 10:35:02 CST,PLAYUSDT,SHORT,0.10861,0.10496,49.0,0.1789,WIN,362.4
2026-05-05 12:10:13 CST,2026-05-05 13:42:35 CST,PLAYUSDT,SHORT,0.10466,0.10469,51.0,-0.0015,LOSS,92.37
2026-05-05 14:10:12 CST,2026-05-05 17:50:03 CST,PLAYUSDT,LONG,0.10434,0.10431,53.0,-0.0016,LOSS,219.85
2026-05-05 18:45:10 CST,2026-05-05 21:07:34 CST,PLAYUSDT,LONG,0.10253,0.10253,6.0,0.0,BREAKEVEN,142.4
2026-05-05 18:45:10 CST,2026-05-05 21:07:34 CST,PLAYUSDT,LONG,0.10253,0.10252,57.0,-0.0006,LOSS,142.4
2026-05-05 21:22:42 CST,2026-05-05 23:02:35 CST,PLAYUSDT,LONG,0.10214,0.10207,54.0,-0.0038,LOSS,99.88
2026-05-06 05:30:11 CST,2026-05-06 08:17:33 CST,PLAYUSDT,SHORT,0.10126,0.10172,88.0,-0.0405,LOSS,167.37
2026-05-06 09:02:41 CST,2026-05-06 10:35:06 CST,PLAYUSDT,SHORT,0.10688,0.10712,66.0,-0.0158,LOSS,92.41
2026-05-06 11:37:40 CST,2026-05-06 11:56:40 CST,PLAYUSDT,SHORT,0.10917213,0.11347,75.0,-0.3223,LOSS,18.99
2026-05-06 12:17:40 CST,2026-05-06 12:47:36 CST,PLAYUSDT,SHORT,0.14792,0.13313,42.0,0.6212,WIN,29.93
2026-05-06 13:47:42 CST,2026-05-06 14:59:16 CST,PLAYUSDT,SHORT,0.15307,0.16097,50.0,-0.395,LOSS,71.55
2026-05-06 15:17:42 CST,2026-05-06 16:04:05 CST,PLAYUSDT,SHORT,0.15784159,0.16458,63.0,-0.4245,LOSS,46.37
2026-05-06 16:27:41 CST,2026-05-06 17:45:29 CST,PLAYUSDT,SHORT,0.16525,0.17183,14.0,-0.0921,LOSS,77.8
2026-05-06 16:27:41 CST,2026-05-06 17:45:29 CST,PLAYUSDT,SHORT,0.16525,0.17188,46.0,-0.305,LOSS,77.8
2026-05-06 19:17:42 CST,2026-05-06 20:18:50 CST,PLAYUSDT,LONG,0.12592,0.11994,79.0,-0.4724,LOSS,61.13
2026-05-06 20:50:12 CST,2026-05-06 20:56:13 CST,PLAYUSDT,LONG,0.10743,0.10264,86.0,-0.4119,LOSS,6.01
2026-05-06 20:50:12 CST,2026-05-06 20:56:13 CST,PLAYUSDT,LONG,0.10743,0.10263,6.0,-0.0288,LOSS,6.01
2026-05-06 22:00:16 CST,2026-05-07 01:19:06 CST,PLAYUSDT,SHORT,0.11086,0.09977,90.0,0.9981,WIN,198.84
2026-05-07 01:22:41 CST,2026-05-07 01:24:36 CST,PLAYUSDT,LONG,0.09814,0.09413,101.0,-0.405,LOSS,1.9
2026-05-07 01:52:42 CST,2026-05-07 02:10:45 CST,PLAYUSDT,LONG,0.09102,0.08705,109.0,-0.4327,LOSS,18.05
2026-05-07 03:55:11 CST,2026-05-07 04:22:02 CST,PLAYUSDT,LONG,0.0839,0.07972,118.0,-0.4932,LOSS,26.84
2026-05-07 04:37:40 CST,2026-05-07 04:57:08 CST,PLAYUSDT,LONG,0.07853,0.07496,85.0,-0.3034,LOSS,19.45
2026-05-07 05:20:11 CST,2026-05-07 05:25:45 CST,PLAYUSDT,LONG,0.06902,0.07592,90.0,0.621,WIN,5.58
2026-05-07 08:27:44 CST,2026-05-07 14:30:02 CST,PLAYUSDT,SHORT,0.07413,0.07136,10.0,0.0277,WIN,362.31
2026-05-07 08:27:44 CST,2026-05-07 14:30:02 CST,PLAYUSDT,SHORT,0.07413,0.07137,82.0,0.2263,WIN,362.31
2026-05-07 14:45:14 CST,2026-05-07 17:34:54 CST,PLAYUSDT,SHORT,0.07238,0.06514,131.0,0.9484,WIN,169.67
2026-05-07 17:37:44 CST,2026-05-07 19:43:25 CST,PLAYUSDT,LONG,0.06549,0.07204,151.0,0.989,WIN,125.69
2026-05-07 19:50:12 CST,2026-05-07 20:00:16 CST,PLAYUSDT,SHORT,0.07135,0.07445,140.0,-0.434,LOSS,10.06
2026-05-07 22:32:42 CST,2026-05-07 22:37:27 CST,PLAYUSDT,SHORT,0.06869,0.07136,100.0,-0.267,LOSS,4.74
2026-05-07 22:32:42 CST,2026-05-07 22:37:27 CST,PLAYUSDT,SHORT,0.06869,0.07136,45.0,-0.1202,LOSS,4.74
2026-05-07 22:50:11 CST,2026-05-07 23:18:21 CST,PLAYUSDT,SHORT,0.07005,0.07304,72.0,-0.2153,LOSS,28.16
2026-05-08 00:20:11 CST,2026-05-08 01:52:36 CST,PLAYUSDT,SHORT,0.07462,0.07559,110.0,-0.1067,LOSS,92.41
2026-05-08 02:45:10 CST,2026-05-08 03:33:09 CST,PLAYUSDT,SHORT,0.08033,0.08375,80.0,-0.2736,LOSS,47.97
2026-05-08 04:02:42 CST,2026-05-08 04:41:45 CST,PLAYUSDT,SHORT,0.08628,0.08957,66.0,-0.2171,LOSS,39.05
2026-05-08 05:00:15 CST,2026-05-08 05:46:20 CST,PLAYUSDT,SHORT,0.09606,0.10029,66.0,-0.2792,LOSS,46.07
2026-05-08 07:12:41 CST,2026-05-08 08:14:31 CST,PLAYUSDT,SHORT,0.09301,0.09664,54.0,-0.196,LOSS,61.83
2026-05-08 08:27:40 CST,2026-05-08 09:17:36 CST,PLAYUSDT,SHORT,0.0971,0.1009,57.0,-0.2166,LOSS,49.94
2026-05-08 11:27:42 CST,2026-05-08 11:27:45 CST,PLAYUSDT,LONG,0.08377,0.08377,60.0,0.0,BREAKEVEN,0.04
2026-05-04 17:07:39 CST,2026-05-04 17:07:42 CST,SIRENUSDT,LONG,0.7558,0.7558,7.0,0.0,BREAKEVEN,0.04
2026-05-04 19:35:10 CST,2026-05-05 01:37:32 CST,SIRENUSDT,SHORT,0.7739,0.749,7.0,0.1743,WIN,362.37
2026-05-05 03:57:43 CST,2026-05-05 10:00:04 CST,SIRENUSDT,SHORT,0.7693,0.7533,11.0,0.176,WIN,362.36
2026-05-05 10:00:13 CST,2026-05-05 11:45:06 CST,SIRENUSDT,SHORT,0.7527,0.7545,8.0,-0.0144,LOSS,104.89
2026-05-05 12:10:11 CST,2026-05-05 18:12:32 CST,SIRENUSDT,SHORT,0.7609,0.7427,7.0,0.1274,WIN,362.35
2026-05-05 18:32:41 CST,2026-05-05 20:05:06 CST,SIRENUSDT,SHORT,0.7475,0.7526,7.0,-0.0357,LOSS,92.42
2026-05-05 18:32:41 CST,2026-05-05 20:05:06 CST,SIRENUSDT,SHORT,0.7475,0.7527,1.0,-0.0052,LOSS,92.42
2026-05-05 23:37:43 CST,2026-05-06 05:40:02 CST,SIRENUSDT,LONG,0.7363,0.7779,11.0,0.4576,WIN,362.32
2026-05-06 05:45:12 CST,2026-05-06 10:15:03 CST,SIRENUSDT,SHORT,0.7789,0.7895,7.0,-0.0742,LOSS,269.85
2026-05-06 10:27:42 CST,2026-05-06 12:35:04 CST,SIRENUSDT,SHORT,0.8042,0.8048,7.0,-0.0042,LOSS,127.38
2026-05-06 13:22:42 CST,2026-05-06 14:57:35 CST,SIRENUSDT,SHORT,0.8137,0.8135,8.0,0.0016,WIN,94.89
2026-05-06 15:10:12 CST,2026-05-06 16:42:37 CST,SIRENUSDT,SHORT,0.8156,0.8416,12.0,-0.312,LOSS,92.41
2026-05-06 16:55:14 CST,2026-05-06 22:57:32 CST,SIRENUSDT,SHORT,0.8392,0.8123,4.0,0.1076,WIN,362.3
2026-05-06 16:55:14 CST,2026-05-06 22:57:32 CST,SIRENUSDT,SHORT,0.8392,0.8123,7.0,0.1883,WIN,362.3
2026-05-06 23:10:13 CST,2026-05-07 01:02:37 CST,SIRENUSDT,SHORT,0.82,0.843,6.0,-0.138,LOSS,112.39
2026-05-06 23:10:13 CST,2026-05-07 01:02:37 CST,SIRENUSDT,SHORT,0.82,0.843,6.0,-0.138,LOSS,112.39
2026-05-07 01:15:13 CST,2026-05-07 02:47:36 CST,SIRENUSDT,SHORT,0.8612,0.8906,6.0,-0.1764,LOSS,92.4
2026-05-07 01:15:13 CST,2026-05-07 02:47:36 CST,SIRENUSDT,SHORT,0.8612,0.8907,5.0,-0.1475,LOSS,92.4
2026-05-07 03:00:15 CST,2026-05-07 03:12:26 CST,SIRENUSDT,SHORT,0.9364,0.9786,8.0,-0.3376,LOSS,12.18
2026-05-07 03:00:15 CST,2026-05-07 03:12:26 CST,SIRENUSDT,SHORT,0.9364,0.9786,2.0,-0.0844,LOSS,12.18
2026-05-07 03:25:12 CST,2026-05-07 03:30:59 CST,SIRENUSDT,SHORT,1.0133,1.0596,6.0,-0.2778,LOSS,5.78
2026-05-07 03:25:12 CST,2026-05-07 03:30:59 CST,SIRENUSDT,SHORT,1.0133,1.0597,3.0,-0.1392,LOSS,5.78
2026-05-07 03:45:11 CST,2026-05-07 03:50:31 CST,SIRENUSDT,SHORT,1.0755,1.1233,5.0,-0.239,LOSS,5.32
2026-05-07 04:05:11 CST,2026-05-07 04:51:24 CST,SIRENUSDT,SHORT,1.1247,1.1724,8.0,-0.3816,LOSS,46.21
2026-05-07 05:15:12 CST,2026-05-07 06:37:31 CST,SIRENUSDT,SHORT,1.18,1.062,8.0,0.944,WIN,82.32
2026-05-07 06:42:44 CST,2026-05-07 06:42:47 CST,SIRENUSDT,LONG,1.0104,1.0097,5.0,-0.0035,LOSS,0.04
2026-05-07 07:50:13 CST,2026-05-07 08:19:05 CST,SIRENUSDT,SHORT,1.0921,1.1371,5.0,-0.225,LOSS,28.87
2026-05-07 08:35:12 CST,2026-05-07 10:01:02 CST,SIRENUSDT,SHORT,1.1343,1.0209,5.0,0.567,WIN,85.83
2026-05-07 11:10:12 CST,2026-05-07 16:42:25 CST,SIRENUSDT,SHORT,1.054,0.9486,9.0,0.9486,WIN,332.21
2026-05-07 16:42:41 CST,2026-05-07 16:45:26 CST,SIRENUSDT,LONG,0.9476,0.9021,10.0,-0.455,LOSS,2.74
2026-05-07 19:12:44 CST,2026-05-07 20:19:35 CST,SIRENUSDT,SHORT,0.9528,0.9914,6.0,-0.2316,LOSS,66.84
2026-05-07 19:12:44 CST,2026-05-07 20:19:35 CST,SIRENUSDT,SHORT,0.9528,0.9914,1.0,-0.0386,LOSS,66.84
2026-05-07 20:32:41 CST,2026-05-07 21:17:52 CST,SIRENUSDT,SHORT,0.97619,1.029,10.0,-0.5281,LOSS,45.18
2026-05-07 21:32:42 CST,2026-05-07 21:57:14 CST,SIRENUSDT,SHORT,1.0392,1.0804,9.0,-0.3708,LOSS,24.53
2026-05-07 22:10:11 CST,2026-05-07 22:59:09 CST,SIRENUSDT,SHORT,1.0522,1.0947,5.0,-0.2125,LOSS,48.96
2026-05-07 22:10:11 CST,2026-05-07 22:59:09 CST,SIRENUSDT,SHORT,1.0522,1.0948,4.0,-0.1704,LOSS,48.96
2026-05-08 00:32:44 CST,2026-05-08 00:52:38 CST,SIRENUSDT,SHORT,1.0657,1.1095,8.0,-0.3504,LOSS,19.89
2026-05-08 01:17:43 CST,2026-05-08 03:30:05 CST,SIRENUSDT,SHORT,1.0995,1.115,3.0,-0.0465,LOSS,132.37
2026-05-08 01:17:43 CST,2026-05-08 03:30:05 CST,SIRENUSDT,SHORT,1.0995,1.1151,4.0,-0.0624,LOSS,132.37
2026-05-08 04:55:13 CST,2026-05-08 07:40:06 CST,SIRENUSDT,LONG,1.0295,1.1325,7.0,0.721,WIN,164.88
2026-05-08 07:42:40 CST,2026-05-08 11:17:33 CST,SIRENUSDT,SHORT,1.1378,1.1476,5.0,-0.049,LOSS,214.89
2026-05-04 17:12:33 CST,2026-05-04 18:07:49 CST,HIGHUSDT,SHORT,0.2096,0.2076,25.0,0.0,BREAKEVEN,55.27
2026-05-04 17:12:33 CST,2026-05-04 22:02:35 CST,HIGHUSDT,SHORT,0.20786313,0.2089,25.7,-0.036,LOSS,290.03
2026-05-04 17:12:33 CST,2026-05-04 23:47:35 CST,HIGHUSDT,SHORT,0.20850522,0.2111,32.9,-0.0625,LOSS,395.04
2026-05-04 17:12:33 CST,2026-05-05 01:35:06 CST,HIGHUSDT,SHORT,0.20960527,0.2144,26.2,-0.0865,LOSS,502.55
2026-05-04 17:12:33 CST,2026-05-05 07:50:02 CST,HIGHUSDT,SHORT,0.21219946,0.2073,24.3,0.2114,WIN,877.48
2026-05-04 17:12:33 CST,2026-05-05 08:40:11 CST,HIGHUSDT,SHORT,0.21219946,0.2061,33.7,0.0,BREAKEVEN,927.64
2026-05-04 17:12:33 CST,2026-05-05 15:35:53 CST,HIGHUSDT,SHORT,0.21216623,0.2201,27.5,-0.2228,LOSS,1343.33
2026-05-04 17:12:33 CST,2026-05-05 17:22:35 CST,HIGHUSDT,SHORT,0.21481045,0.2197,35.0,-0.077,LOSS,1450.05
2026-05-04 17:12:33 CST,2026-05-05 19:52:36 CST,HIGHUSDT,SHORT,0.21776249,0.2226,25.4,-0.0178,LOSS,1600.05
2026-05-04 17:12:33 CST,2026-05-05 23:29:19 CST,HIGHUSDT,SHORT,0.22070052,0.2016,31.7,0.7101,WIN,1816.78
2026-05-04 17:12:33 CST,2026-05-07 06:38:19 CST,HIGHUSDT,SHORT,0.20974725,0.209,43.1,-0.3577,LOSS,3685.76
2026-05-04 17:12:33 CST,2026-05-07 07:01:23 CST,HIGHUSDT,SHORT,0.2059379,0.2093,32.0,-0.2432,LOSS,3708.83
2026-05-04 17:12:33 CST,2026-05-07 08:47:37 CST,HIGHUSDT,SHORT,0.20575556,0.2064,25.4,-0.0229,LOSS,3815.06
2026-05-04 17:12:33 CST,2026-05-07 10:18:02 CST,HIGHUSDT,SHORT,0.20640676,0.2146,47.0,-0.3619,LOSS,3905.48
2026-05-04 17:12:33 CST,2026-05-07 11:10:16 CST,HIGHUSDT,SHORT,0.21105159,0.2231,2.4,-0.0204,LOSS,3957.71
2026-05-04 17:12:33 CST,2026-05-07 11:10:16 CST,HIGHUSDT,SHORT,0.21105159,0.2231,44.2,-0.3757,LOSS,3957.71
2026-05-04 17:12:33 CST,2026-05-07 13:30:15 CST,HIGHUSDT,SHORT,0.22384919,0.2128,36.3,0.8567,WIN,4097.71
2026-05-04 17:12:33 CST,2026-05-07 16:17:35 CST,HIGHUSDT,SHORT,0.22365481,0.2241,44.7,-0.0268,LOSS,4265.04
2026-05-04 17:12:33 CST,2026-05-07 18:02:36 CST,HIGHUSDT,SHORT,0.22452936,0.2261,40.4,-0.0323,LOSS,4370.06
2026-05-04 17:12:33 CST,2026-05-07 19:52:35 CST,HIGHUSDT,SHORT,0.22509915,0.2259,40.5,-0.0121,LOSS,4480.03
2026-05-04 17:12:33 CST,2026-05-07 22:37:40 CST,HIGHUSDT,SHORT,0.22509915,0.2131,29.6,0.0,BREAKEVEN,4645.12
2026-05-04 17:12:33 CST,2026-05-08 04:52:41 CST,HIGHUSDT,SHORT,0.21553806,0.213,24.3,0.0,BREAKEVEN,5020.14
2026-05-04 17:12:33 CST,2026-05-08 07:05:06 CST,HIGHUSDT,SHORT,0.21437221,0.2154,5.4,-0.0022,LOSS,5152.55
2026-05-04 17:12:33 CST,2026-05-08 07:05:06 CST,HIGHUSDT,SHORT,0.21437221,0.2154,30.6,-0.0122,LOSS,5152.55
2026-05-04 17:12:33 CST,2026-05-08 10:15:06 CST,HIGHUSDT,SHORT,0.21468743,0.2158,27.2,-0.019,LOSS,5342.55
2026-05-04 17:12:33 CST,2026-05-08 12:02:37 CST,HIGHUSDT,SHORT,0.21608483,0.2204,30.8,-0.0832,LOSS,5450.07
2026-05-04 17:37:39 CST,2026-05-04 23:40:02 CST,UAIUSDT,LONG,0.3267,0.3312,17.0,0.0765,WIN,362.38
2026-05-05 00:12:40 CST,2026-05-05 06:15:02 CST,UAIUSDT,SHORT,0.3333,0.3289,16.0,0.0704,WIN,362.37
2026-05-05 06:15:13 CST,2026-05-05 08:22:34 CST,UAIUSDT,SHORT,0.3287,0.3291,26.0,-0.0104,LOSS,127.34
2026-05-05 10:17:41 CST,2026-05-05 11:50:06 CST,UAIUSDT,SHORT,0.328,0.3347,17.0,-0.1139,LOSS,92.42
2026-05-05 17:55:10 CST,2026-05-05 19:27:36 CST,UAIUSDT,LONG,0.3256,0.3206,18.0,-0.09,LOSS,92.43
2026-05-05 17:55:10 CST,2026-05-05 19:27:36 CST,UAIUSDT,LONG,0.3256,0.3205,12.0,-0.0612,LOSS,92.43
2026-05-05 19:55:10 CST,2026-05-05 21:27:34 CST,UAIUSDT,SHORT,0.3231,0.3238,19.0,-0.0133,LOSS,92.4
2026-05-05 22:42:43 CST,2026-05-06 00:22:36 CST,UAIUSDT,SHORT,0.325,0.3269,21.0,-0.0399,LOSS,99.89
2026-05-06 02:25:12 CST,2026-05-06 02:37:18 CST,UAIUSDT,SHORT,0.3282,0.342,18.0,-0.2484,LOSS,12.1
2026-05-06 03:22:40 CST,2026-05-06 04:17:30 CST,UAIUSDT,SHORT,0.3582,0.3728,8.0,-0.1168,LOSS,54.83
2026-05-06 03:22:40 CST,2026-05-06 04:17:30 CST,UAIUSDT,SHORT,0.3582,0.3729,14.0,-0.2058,LOSS,54.83
2026-05-06 07:00:11 CST,2026-05-06 09:46:34 CST,UAIUSDT,SHORT,0.4003,0.3603,22.0,0.88,WIN,166.38
2026-05-06 09:55:12 CST,2026-05-06 10:49:21 CST,UAIUSDT,LONG,0.3611,0.3467,27.0,-0.3888,LOSS,54.14
2026-05-06 11:20:12 CST,2026-05-06 11:20:15 CST,UAIUSDT,LONG,0.3348,0.3347,16.0,-0.0016,LOSS,0.04
2026-05-06 11:37:43 CST,2026-05-06 17:40:04 CST,UAIUSDT,LONG,0.3313,0.34,24.0,0.2088,WIN,362.36
2026-05-06 18:10:11 CST,2026-05-06 19:42:35 CST,UAIUSDT,LONG,0.3354,0.3248,29.0,-0.3074,LOSS,92.41
2026-05-06 22:32:43 CST,2026-05-07 04:35:02 CST,UAIUSDT,LONG,0.3201,0.3261,31.0,0.186,WIN,362.31
2026-05-07 04:57:44 CST,2026-05-07 11:00:07 CST,UAIUSDT,SHORT,0.329,0.3152,30.0,0.414,WIN,362.39
2026-05-07 11:12:42 CST,2026-05-07 17:15:04 CST,UAIUSDT,SHORT,0.3202,0.3001,31.0,0.6231,WIN,362.36
2026-05-07 17:37:45 CST,2026-05-07 19:27:36 CST,UAIUSDT,LONG,0.2945,0.2931,20.0,-0.028,LOSS,109.86
2026-05-07 17:37:45 CST,2026-05-07 19:27:36 CST,UAIUSDT,LONG,0.2945,0.2931,13.0,-0.0182,LOSS,109.86
2026-05-07 19:45:14 CST,2026-05-07 21:17:34 CST,UAIUSDT,LONG,0.2906,0.2859,34.0,-0.1598,LOSS,92.34
2026-05-07 22:25:11 CST,2026-05-07 23:57:35 CST,UAIUSDT,SHORT,0.289,0.2943,1.0,-0.0053,LOSS,92.41
2026-05-07 22:25:11 CST,2026-05-07 23:57:35 CST,UAIUSDT,SHORT,0.289,0.2944,32.0,-0.1728,LOSS,92.41
2026-05-08 00:12:40 CST,2026-05-08 03:45:06 CST,UAIUSDT,SHORT,0.2947,0.2953,18.0,-0.0108,LOSS,212.43
2026-05-08 00:12:40 CST,2026-05-08 03:45:06 CST,UAIUSDT,SHORT,0.2947,0.2953,2.0,-0.0012,LOSS,212.43
2026-05-08 04:37:42 CST,2026-05-08 06:57:34 CST,UAIUSDT,LONG,0.2736,0.2732,19.0,-0.0076,LOSS,139.88
2026-05-08 04:37:42 CST,2026-05-08 06:57:34 CST,UAIUSDT,LONG,0.2736,0.2732,5.0,-0.002,LOSS,139.88
2026-05-08 10:15:12 CST,2026-05-08 13:20:04 CST,UAIUSDT,LONG,0.2662,0.2654,23.0,-0.0184,LOSS,184.87
2026-05-08 10:15:12 CST,2026-05-08 13:20:04 CST,UAIUSDT,LONG,0.2662,0.2654,4.0,-0.0032,LOSS,184.87
2026-05-04 17:37:40 CST,2026-05-04 22:27:33 CST,CUSDT,LONG,0.08047,0.0802,63.0,-0.017,LOSS,289.88
2026-05-04 17:37:40 CST,2026-05-04 22:27:33 CST,CUSDT,LONG,0.08047,0.08019,7.0,-0.002,LOSS,289.88
2026-05-05 02:25:11 CST,2026-05-05 03:57:36 CST,CUSDT,SHORT,0.08166,0.08213,62.0,-0.0291,LOSS,92.41
2026-05-05 02:25:11 CST,2026-05-05 03:57:36 CST,CUSDT,SHORT,0.08166,0.08213,7.0,-0.0033,LOSS,92.41
2026-05-05 04:15:10 CST,2026-05-05 10:17:32 CST,CUSDT,SHORT,0.0823,0.08103,99.0,0.1257,WIN,362.37
2026-05-05 23:30:14 CST,2026-05-06 01:02:36 CST,CUSDT,LONG,0.0774,0.0764,94.0,-0.094,LOSS,92.37
2026-05-06 02:12:41 CST,2026-05-06 03:45:06 CST,CUSDT,SHORT,0.07713,0.07773,81.0,-0.0486,LOSS,92.43
2026-05-06 03:57:39 CST,2026-05-06 08:07:33 CST,CUSDT,SHORT,0.07863,0.07865,78.0,-0.0016,LOSS,249.89
2026-05-06 08:20:11 CST,2026-05-06 11:30:04 CST,CUSDT,SHORT,0.07867512,0.07857,127.0,0.0133,WIN,189.89
2026-05-06 11:52:40 CST,2026-05-06 17:55:02 CST,CUSDT,SHORT,0.08077203,0.07953,74.0,0.0919,WIN,362.37
2026-05-06 18:05:12 CST,2026-05-06 19:37:35 CST,CUSDT,LONG,0.07877,0.07873,126.0,-0.005,LOSS,92.38
2026-05-06 21:45:12 CST,2026-05-07 03:06:07 CST,CUSDT,LONG,0.07774,0.08551,127.0,0.9868,WIN,320.92
2026-05-07 03:15:13 CST,2026-05-07 04:50:05 CST,CUSDT,SHORT,0.08438,0.08447,63.0,-0.0057,LOSS,94.87
2026-05-07 03:15:13 CST,2026-05-07 04:50:05 CST,CUSDT,SHORT,0.08438,0.08447,55.0,-0.0049,LOSS,94.87
2026-05-07 05:02:43 CST,2026-05-07 08:32:33 CST,CUSDT,SHORT,0.08436,0.08439,104.0,-0.0031,LOSS,209.84
2026-05-07 12:47:42 CST,2026-05-07 14:20:05 CST,CUSDT,SHORT,0.08274,0.08347,120.0,-0.0876,LOSS,92.4
2026-05-07 15:05:13 CST,2026-05-07 16:37:36 CST,CUSDT,SHORT,0.08361,0.08417,119.0,-0.0666,LOSS,92.37
2026-05-07 16:55:11 CST,2026-05-07 22:57:32 CST,CUSDT,SHORT,0.08484674,0.08309,89.0,0.1563,WIN,362.34
2026-05-07 22:57:43 CST,2026-05-08 05:00:02 CST,CUSDT,SHORT,0.0831,0.08177,64.0,0.0851,WIN,362.32
2026-05-08 09:27:41 CST,2026-05-08 11:17:37 CST,CUSDT,SHORT,0.08217,0.08218,62.0,-0.0006,LOSS,109.92
2026-05-08 09:27:41 CST,2026-05-08 11:17:37 CST,CUSDT,SHORT,0.08217,0.08218,1.0,-0.0,LOSS,109.92
2026-05-04 18:07:33 CST,2026-05-04 20:22:17 CST,UBUSDT,SHORT,0.12387911,0.13187,43.0,-0.227,LOSS,134.73
2026-05-04 18:07:33 CST,2026-05-04 21:30:12 CST,UBUSDT,SHORT,0.12387911,0.12593,40.0,0.0,BREAKEVEN,202.66
2026-05-04 18:07:33 CST,2026-05-04 21:30:12 CST,UBUSDT,SHORT,0.12387911,0.12594,39.0,0.0,BREAKEVEN,202.66
2026-05-04 18:07:33 CST,2026-05-05 02:50:05 CST,UBUSDT,SHORT,0.12616098,0.12946,39.0,-0.041,LOSS,522.53
2026-05-04 18:07:33 CST,2026-05-05 02:50:05 CST,UBUSDT,SHORT,0.12616098,0.12947,1.0,-0.0011,LOSS,522.53
2026-05-04 18:07:33 CST,2026-05-05 03:31:03 CST,UBUSDT,SHORT,0.12703074,0.13366,53.0,-0.2809,LOSS,563.49
2026-05-04 18:07:33 CST,2026-05-05 04:55:37 CST,UBUSDT,SHORT,0.13078244,0.12277,54.0,0.7366,WIN,648.06
2026-05-04 18:07:33 CST,2026-05-05 04:57:42 CST,UBUSDT,SHORT,0.13078244,0.12318,45.0,0.0,BREAKEVEN,650.15
2026-05-04 18:07:33 CST,2026-05-05 06:47:02 CST,UBUSDT,SHORT,0.1341854,0.14048,65.0,-0.3458,LOSS,759.48
2026-05-04 18:07:33 CST,2026-05-05 07:22:02 CST,UBUSDT,SHORT,0.13576539,0.14335,67.0,-0.3802,LOSS,794.48
2026-05-04 18:07:33 CST,2026-05-05 09:26:15 CST,UBUSDT,SHORT,0.14071725,0.13321,55.0,0.814,WIN,918.69
2026-05-04 18:07:33 CST,2026-05-05 16:37:32 CST,UBUSDT,SHORT,0.14073208,0.13264,37.0,0.3004,WIN,1349.98
2026-05-04 18:07:33 CST,2026-05-05 16:37:32 CST,UBUSDT,SHORT,0.14073208,0.13264,6.0,0.0487,WIN,1349.98
2026-05-04 18:07:33 CST,2026-05-05 19:17:36 CST,UBUSDT,SHORT,0.13814044,0.1346,1.0,-0.0006,LOSS,1510.04
2026-05-04 18:07:33 CST,2026-05-05 19:17:36 CST,UBUSDT,SHORT,0.13814044,0.13461,2.0,-0.0012,LOSS,1510.04
2026-05-04 18:07:33 CST,2026-05-05 19:17:36 CST,UBUSDT,SHORT,0.13814044,0.13461,38.0,-0.0223,LOSS,1510.04
2026-05-04 18:07:33 CST,2026-05-05 19:17:36 CST,UBUSDT,SHORT,0.13814044,0.13462,10.0,-0.006,LOSS,1510.04
2026-05-04 18:07:33 CST,2026-05-05 21:47:34 CST,UBUSDT,SHORT,0.13764082,0.13764,48.0,-0.0404,LOSS,1660.01
2026-05-04 18:07:33 CST,2026-05-06 00:05:05 CST,UBUSDT,SHORT,0.13749604,0.13782,37.0,-0.0226,LOSS,1797.54
2026-05-04 18:07:33 CST,2026-05-06 00:05:05 CST,UBUSDT,SHORT,0.13749604,0.13782,4.0,-0.0024,LOSS,1797.54
2026-05-04 18:07:33 CST,2026-05-06 04:27:33 CST,UBUSDT,SHORT,0.13818632,0.13971,39.0,-0.0035,LOSS,2060.01
2026-05-04 18:07:33 CST,2026-05-06 07:27:16 CST,UBUSDT,SHORT,0.13918084,0.12666,52.0,0.7316,WIN,2239.72
2026-05-04 18:07:33 CST,2026-05-06 07:27:40 CST,UBUSDT,SHORT,0.13918084,0.12622,40.0,0.0,BREAKEVEN,2240.12
2026-05-04 18:07:33 CST,2026-05-06 07:27:40 CST,UBUSDT,SHORT,0.13918084,0.12623,39.0,0.0,BREAKEVEN,2240.12
2026-05-04 18:07:33 CST,2026-05-06 10:35:05 CST,UBUSDT,SHORT,0.13876733,0.13909,37.0,-0.0157,LOSS,2427.53
2026-05-04 18:07:33 CST,2026-05-06 10:35:05 CST,UBUSDT,SHORT,0.13876733,0.1391,35.0,-0.0152,LOSS,2427.53
2026-05-04 18:07:33 CST,2026-05-06 13:40:05 CST,UBUSDT,SHORT,0.13902045,0.13991,38.0,-0.0133,LOSS,2612.53
2026-05-04 18:07:33 CST,2026-05-06 15:25:06 CST,UBUSDT,SHORT,0.13977431,0.1424,9.0,-0.0095,LOSS,2717.54
2026-05-04 18:07:33 CST,2026-05-06 15:25:06 CST,UBUSDT,SHORT,0.13977431,0.1424,30.0,-0.0318,LOSS,2717.54
2026-05-04 18:07:33 CST,2026-05-06 16:11:02 CST,UBUSDT,SHORT,0.14210892,0.15142,69.0,-0.4534,LOSS,2763.48
2026-05-04 18:07:33 CST,2026-05-06 17:25:13 CST,UBUSDT,SHORT,0.14210892,0.14057,8.0,0.0,BREAKEVEN,2837.66
2026-05-04 18:07:33 CST,2026-05-06 17:25:13 CST,UBUSDT,SHORT,0.14210892,0.14057,63.0,0.0,BREAKEVEN,2837.66
2026-05-04 18:07:33 CST,2026-05-07 04:15:02 CST,UBUSDT,SHORT,0.14089821,0.13368,11.0,0.0838,WIN,3487.49
2026-05-04 18:07:33 CST,2026-05-07 04:15:02 CST,UBUSDT,SHORT,0.14089821,0.13369,31.0,0.2359,WIN,3487.49
2026-05-04 18:07:33 CST,2026-05-07 11:32:32 CST,UBUSDT,SHORT,0.13897987,0.1235,41.0,0.4793,WIN,3924.98
2026-05-04 18:07:33 CST,2026-05-07 19:25:02 CST,UBUSDT,SHORT,0.13223296,0.12024,46.0,0.1976,WIN,4397.48
2026-05-04 18:07:33 CST,2026-05-07 19:25:02 CST,UBUSDT,SHORT,0.13223296,0.12024,25.0,0.1074,WIN,4397.48
2026-05-04 18:07:33 CST,2026-05-07 20:30:14 CST,UBUSDT,SHORT,0.12694148,0.12678,81.0,-0.4155,LOSS,4462.68
2026-05-04 18:07:33 CST,2026-05-08 00:55:33 CST,UBUSDT,SHORT,0.12754435,0.11581,43.0,0.5534,WIN,4728.0
2026-05-04 18:07:33 CST,2026-05-08 00:57:40 CST,UBUSDT,SHORT,0.12754435,0.11451,79.0,0.0,BREAKEVEN,4730.12
2026-05-04 18:07:33 CST,2026-05-08 03:11:07 CST,UBUSDT,SHORT,0.12651452,0.11453,56.0,0.7129,WIN,4863.57
2026-05-04 18:07:33 CST,2026-05-08 03:12:44 CST,UBUSDT,SHORT,0.12651452,0.11531,44.0,0.0,BREAKEVEN,4865.18
2026-05-04 18:07:33 CST,2026-05-08 03:12:44 CST,UBUSDT,SHORT,0.12651452,0.11532,15.0,0.0,BREAKEVEN,4865.18
2026-05-04 18:07:33 CST,2026-05-08 05:15:12 CST,UBUSDT,SHORT,0.11822937,0.11287,40.0,0.0,BREAKEVEN,4987.65
2026-05-04 18:07:33 CST,2026-05-08 05:15:12 CST,UBUSDT,SHORT,0.11822937,0.11287,29.0,0.0,BREAKEVEN,4987.65
2026-05-04 18:07:33 CST,2026-05-08 07:47:34 CST,UBUSDT,SHORT,0.12378372,0.12752,40.0,-0.1232,LOSS,5140.01
2026-05-04 18:07:33 CST,2026-05-08 07:47:34 CST,UBUSDT,SHORT,0.12378372,0.12752,22.0,-0.0678,LOSS,5140.01
2026-05-04 18:07:39 CST,2026-05-04 18:07:41 CST,DRIFTUSDT,LONG,0.03848,0.03847,103.0,-0.001,LOSS,0.04
2026-05-04 18:07:39 CST,2026-05-04 18:07:41 CST,DRIFTUSDT,LONG,0.03848,0.03847,31.0,-0.0003,LOSS,0.04
2026-05-05 01:12:40 CST,2026-05-05 07:15:02 CST,DRIFTUSDT,SHORT,0.03881,0.03845,228.0,0.0821,WIN,362.36
2026-05-05 09:22:40 CST,2026-05-05 15:25:02 CST,DRIFTUSDT,SHORT,0.03907839,0.0376,168.0,0.2484,WIN,362.36
2026-05-05 16:12:40 CST,2026-05-05 18:52:34 CST,DRIFTUSDT,SHORT,0.03775,0.0378,211.0,-0.0106,LOSS,159.89
2026-05-05 19:55:12 CST,2026-05-05 21:27:35 CST,DRIFTUSDT,SHORT,0.03784,0.03828,166.0,-0.073,LOSS,92.39
2026-05-05 22:02:41 CST,2026-05-06 04:05:02 CST,DRIFTUSDT,SHORT,0.03879,0.0381,130.0,0.0897,WIN,362.35
2026-05-06 04:40:10 CST,2026-05-06 06:12:34 CST,DRIFTUSDT,SHORT,0.03825,0.03837,192.0,-0.023,LOSS,92.39
2026-05-06 08:30:11 CST,2026-05-06 11:55:04 CST,DRIFTUSDT,LONG,0.03681,0.0368,271.0,-0.0027,LOSS,204.89
2026-05-06 12:17:43 CST,2026-05-06 13:50:07 CST,DRIFTUSDT,LONG,0.03659,0.03627,168.0,-0.0538,LOSS,92.4
2026-05-06 14:57:43 CST,2026-05-06 17:07:37 CST,DRIFTUSDT,LONG,0.03581,0.03572,158.0,-0.0142,LOSS,129.9
2026-05-06 14:57:43 CST,2026-05-06 17:07:37 CST,DRIFTUSDT,LONG,0.03581,0.03571,121.0,-0.0121,LOSS,129.9
2026-05-06 18:57:41 CST,2026-05-07 01:00:02 CST,DRIFTUSDT,SHORT,0.03578,0.03516,150.0,0.093,WIN,362.36
2026-05-06 18:57:41 CST,2026-05-07 01:00:02 CST,DRIFTUSDT,SHORT,0.03578,0.03516,129.0,0.08,WIN,362.36
2026-05-07 01:35:12 CST,2026-05-07 04:07:35 CST,DRIFTUSDT,SHORT,0.03575,0.03579,189.0,-0.0076,LOSS,152.38
2026-05-07 04:22:44 CST,2026-05-07 05:55:06 CST,DRIFTUSDT,SHORT,0.03576,0.03669,253.0,-0.2353,LOSS,92.38
2026-05-07 06:27:42 CST,2026-05-07 12:30:02 CST,DRIFTUSDT,SHORT,0.03716,0.03596,42.0,0.0504,WIN,362.32
2026-05-07 06:27:42 CST,2026-05-07 12:30:02 CST,DRIFTUSDT,SHORT,0.03716,0.03596,126.0,0.1512,WIN,362.32
2026-05-07 14:07:41 CST,2026-05-07 15:40:06 CST,DRIFTUSDT,LONG,0.03585,0.03545,186.0,-0.0744,LOSS,92.4
2026-05-07 15:52:41 CST,2026-05-07 17:30:07 CST,DRIFTUSDT,LONG,0.03531,0.03526,156.0,-0.0078,LOSS,97.43
2026-05-07 15:52:41 CST,2026-05-07 17:30:07 CST,DRIFTUSDT,LONG,0.03531,0.03526,127.0,-0.0063,LOSS,97.43
2026-05-07 17:57:43 CST,2026-05-07 20:25:04 CST,DRIFTUSDT,SHORT,0.03549,0.03554,148.0,-0.0074,LOSS,147.34
2026-05-07 17:57:43 CST,2026-05-07 20:25:04 CST,DRIFTUSDT,SHORT,0.03549,0.03554,63.0,-0.0031,LOSS,147.34
2026-05-07 20:37:42 CST,2026-05-07 22:10:05 CST,DRIFTUSDT,SHORT,0.03567,0.03612,179.0,-0.0805,LOSS,92.39
2026-05-08 00:07:41 CST,2026-05-08 06:10:02 CST,DRIFTUSDT,SHORT,0.03642,0.03588,223.0,0.1204,WIN,362.35
2026-05-08 00:07:41 CST,2026-05-08 06:10:02 CST,DRIFTUSDT,SHORT,0.03642,0.03588,32.0,0.0173,WIN,362.35
2026-05-08 08:17:41 CST,2026-05-08 09:50:05 CST,DRIFTUSDT,SHORT,0.03609,0.03622,145.0,-0.0188,LOSS,92.41
2026-05-08 08:17:41 CST,2026-05-08 09:50:05 CST,DRIFTUSDT,SHORT,0.03609,0.03622,51.0,-0.0066,LOSS,92.41
2026-05-08 10:57:42 CST,2026-05-08 12:30:07 CST,DRIFTUSDT,SHORT,0.03625,0.03661,143.0,-0.0515,LOSS,92.42
2026-05-04 18:07:45 CST,2026-05-04 18:07:48 CST,MEGAUSDT,LONG,0.12485,0.12484,41.0,-0.0004,LOSS,0.04
2026-05-04 19:07:37 CST,2026-05-04 22:10:03 CST,MEGAUSDT,SHORT,0.1283,0.12871,36.0,-0.0148,LOSS,182.42
2026-05-04 19:07:37 CST,2026-05-04 22:10:03 CST,MEGAUSDT,SHORT,0.1283,0.12871,6.0,-0.0025,LOSS,182.42
2026-05-05 05:25:10 CST,2026-05-05 06:57:36 CST,MEGAUSDT,SHORT,0.12480539,0.12552,76.0,-0.0543,LOSS,92.44
2026-05-05 08:25:11 CST,2026-05-05 09:57:35 CST,MEGAUSDT,SHORT,0.12579,0.12872,63.0,-0.1846,LOSS,92.41
2026-05-05 11:17:41 CST,2026-05-05 12:50:05 CST,MEGAUSDT,LONG,0.12602452,0.12488,41.0,-0.0469,LOSS,92.39
2026-05-05 11:17:41 CST,2026-05-05 12:50:05 CST,MEGAUSDT,LONG,0.12602452,0.12487,32.0,-0.0369,LOSS,92.39
2026-05-05 13:02:43 CST,2026-05-05 15:55:04 CST,MEGAUSDT,LONG,0.12376,0.12338,58.0,-0.022,LOSS,172.35
2026-05-05 16:25:11 CST,2026-05-05 18:35:04 CST,MEGAUSDT,SHORT,0.1255,0.12598,47.0,-0.0226,LOSS,129.9
2026-05-05 18:52:40 CST,2026-05-05 20:25:05 CST,MEGAUSDT,SHORT,0.12711,0.12826,45.0,-0.0517,LOSS,92.41
2026-05-05 21:30:10 CST,2026-05-06 03:32:32 CST,MEGAUSDT,SHORT,0.12966,0.12632,63.0,0.2104,WIN,362.36
2026-05-06 03:32:42 CST,2026-05-06 05:05:06 CST,MEGAUSDT,SHORT,0.12635,0.12715,59.0,-0.0472,LOSS,92.4
2026-05-06 07:42:41 CST,2026-05-06 09:35:05 CST,MEGAUSDT,SHORT,0.12646,0.1265,79.0,-0.0032,LOSS,112.41
2026-05-06 12:27:41 CST,2026-05-06 14:00:07 CST,MEGAUSDT,SHORT,0.12541,0.12583,66.0,-0.0277,LOSS,92.44
2026-05-06 14:40:12 CST,2026-05-06 17:47:36 CST,MEGAUSDT,LONG,0.12395,0.12364,80.0,-0.0248,LOSS,187.4
2026-05-06 18:05:11 CST,2026-05-06 21:47:33 CST,MEGAUSDT,LONG,0.12347,0.12339,81.0,-0.0065,LOSS,222.37
2026-05-06 22:22:42 CST,2026-05-07 01:17:34 CST,MEGAUSDT,LONG,0.12175,0.12163,75.0,-0.009,LOSS,174.88
2026-05-07 01:30:14 CST,2026-05-07 03:02:36 CST,MEGAUSDT,SHORT,0.12301,0.12423,81.0,-0.0988,LOSS,92.36
2026-05-07 03:15:14 CST,2026-05-07 09:17:32 CST,MEGAUSDT,SHORT,0.1239,0.1196,46.0,0.1978,WIN,362.3
2026-05-07 03:15:14 CST,2026-05-07 09:17:32 CST,MEGAUSDT,SHORT,0.1239,0.1196,34.0,0.1462,WIN,362.3
2026-05-07 10:20:13 CST,2026-05-07 11:52:36 CST,MEGAUSDT,SHORT,0.12124,0.12129,82.0,-0.0041,LOSS,92.38
2026-05-07 13:00:15 CST,2026-05-07 19:02:32 CST,MEGAUSDT,SHORT,0.12167,0.12084,42.0,0.0349,WIN,362.28
2026-05-07 19:02:41 CST,2026-05-07 20:35:06 CST,MEGAUSDT,SHORT,0.12081792,0.12129,77.0,-0.0364,LOSS,92.41
2026-05-07 20:50:11 CST,2026-05-07 22:30:05 CST,MEGAUSDT,SHORT,0.12204,0.12216,73.0,-0.0088,LOSS,99.9
2026-05-07 22:42:41 CST,2026-05-08 00:15:06 CST,MEGAUSDT,SHORT,0.12213,0.12347,41.0,-0.0549,LOSS,92.42
2026-05-07 22:42:41 CST,2026-05-08 00:15:06 CST,MEGAUSDT,SHORT,0.12213,0.12347,17.0,-0.0228,LOSS,92.42
2026-05-08 01:02:46 CST,2026-05-08 04:37:34 CST,MEGAUSDT,LONG,0.12203,0.12199,45.0,-0.0018,LOSS,214.8
2026-05-08 05:02:41 CST,2026-05-08 10:19:53 CST,MEGAUSDT,LONG,0.12146,0.11431,56.0,-0.4004,LOSS,317.2
2026-05-08 12:05:12 CST,2026-05-08 13:37:36 CST,MEGAUSDT,SHORT,0.12148,0.12207,57.0,-0.0336,LOSS,92.41
2026-05-04 18:07:48 CST,2026-05-04 21:02:33 CST,BASUSDT,SHORT,0.018179,0.018212,2.0,-0.0001,LOSS,174.75
2026-05-04 18:07:48 CST,2026-05-04 21:02:33 CST,BASUSDT,SHORT,0.018179,0.018213,282.0,-0.0096,LOSS,174.75
2026-05-04 18:07:48 CST,2026-05-04 21:02:33 CST,BASUSDT,SHORT,0.018179,0.018215,1.0,-0.0,LOSS,174.75
2026-05-04 21:25:09 CST,2026-05-04 22:14:43 CST,BASUSDT,SHORT,0.018592,0.019546,328.0,-0.3129,LOSS,49.56
2026-05-05 01:47:43 CST,2026-05-05 07:50:02 CST,BASUSDT,SHORT,0.0190301,0.01775,276.0,0.3533,WIN,362.32
2026-05-05 08:05:09 CST,2026-05-05 09:37:35 CST,BASUSDT,SHORT,0.017876,0.017918,449.0,-0.0189,LOSS,92.43
2026-05-05 10:00:13 CST,2026-05-05 11:32:37 CST,BASUSDT,SHORT,0.017885,0.017925,363.0,-0.0145,LOSS,92.39
2026-05-05 13:42:40 CST,2026-05-05 15:15:06 CST,BASUSDT,SHORT,0.017966,0.018114,76.0,-0.0112,LOSS,92.43
2026-05-05 13:42:40 CST,2026-05-05 15:15:06 CST,BASUSDT,SHORT,0.017966,0.01812,282.0,-0.0434,LOSS,92.43
2026-05-05 13:42:40 CST,2026-05-05 15:15:06 CST,BASUSDT,SHORT,0.017966,0.018121,137.0,-0.0212,LOSS,92.43
2026-05-05 15:27:40 CST,2026-05-05 21:25:02 CST,BASUSDT,SHORT,0.018196,0.018435,381.0,-0.0911,LOSS,357.37
2026-05-05 21:42:40 CST,2026-05-05 23:57:34 CST,BASUSDT,SHORT,0.017988,0.018383,290.0,-0.1145,LOSS,134.9
2026-05-06 00:45:12 CST,2026-05-06 01:27:23 CST,BASUSDT,SHORT,0.01831,0.019066,394.0,-0.2979,LOSS,42.17
2026-05-06 02:17:40 CST,2026-05-06 07:09:07 CST,BASUSDT,SHORT,0.01947,0.017523,389.0,0.7574,WIN,291.44
2026-05-06 07:45:10 CST,2026-05-06 13:47:32 CST,BASUSDT,LONG,0.017326,0.017802,577.0,0.2747,WIN,362.36
2026-05-06 14:25:12 CST,2026-05-06 15:57:36 CST,BASUSDT,LONG,0.017401,0.017353,574.0,-0.0276,LOSS,92.4
2026-05-06 18:37:41 CST,2026-05-06 20:10:06 CST,BASUSDT,LONG,0.016615,0.016341,601.0,-0.1647,LOSS,92.41
2026-05-06 22:17:44 CST,2026-05-07 02:35:03 CST,BASUSDT,SHORT,0.016298,0.016349,559.0,-0.0285,LOSS,257.33
2026-05-07 03:25:13 CST,2026-05-07 05:32:34 CST,BASUSDT,SHORT,0.016863,0.016883,591.0,-0.0118,LOSS,127.36
2026-05-07 05:45:11 CST,2026-05-07 11:47:32 CST,BASUSDT,SHORT,0.017009,0.01608,452.0,0.4199,WIN,362.36
2026-05-07 14:42:42 CST,2026-05-07 16:15:07 CST,BASUSDT,LONG,0.01578,0.015575,521.0,-0.1068,LOSS,92.41
2026-05-07 18:55:12 CST,2026-05-08 00:57:32 CST,BASUSDT,LONG,0.015293,0.015764,1.0,0.0005,WIN,362.34
2026-05-07 18:55:12 CST,2026-05-08 00:57:32 CST,BASUSDT,LONG,0.015293,0.015763,366.0,0.172,WIN,362.34
2026-05-08 01:55:12 CST,2026-05-08 03:27:36 CST,BASUSDT,SHORT,0.01600294,0.016468,350.0,-0.1628,LOSS,92.39
2026-05-08 03:40:12 CST,2026-05-08 05:12:35 CST,BASUSDT,SHORT,0.016489,0.016778,377.0,-0.109,LOSS,92.4
2026-05-08 05:25:11 CST,2026-05-08 07:37:34 CST,BASUSDT,SHORT,0.016897,0.016953,526.0,-0.0295,LOSS,132.39
2026-05-04 18:07:52 CST,2026-05-04 18:07:54 CST,ORDIUSDT,LONG,5.048,5.047,1.0,-0.001,LOSS,0.04
2026-05-04 19:35:09 CST,2026-05-04 21:07:34 CST,ORDIUSDT,SHORT,5.089,5.124,1.0,-0.035,LOSS,92.41
2026-05-04 21:25:11 CST,2026-05-05 03:27:32 CST,ORDIUSDT,SHORT,5.132,5.019,1.1,0.1243,WIN,362.35
2026-05-05 04:27:40 CST,2026-05-05 06:00:05 CST,ORDIUSDT,SHORT,5.06191667,5.066,1.1,-0.0045,LOSS,92.4
2026-05-05 04:27:40 CST,2026-05-05 06:00:05 CST,ORDIUSDT,SHORT,5.06191667,5.066,0.1,-0.0004,LOSS,92.4
2026-05-05 04:27:40 CST,2026-05-05 07:57:44 CST,ORDIUSDT,LONG,5.031,5.029,1.0,-0.002,LOSS,210.05
2026-05-05 08:10:11 CST,2026-05-05 11:07:34 CST,ORDIUSDT,SHORT,5.085,5.086,1.6,-0.0016,LOSS,177.38
2026-05-05 11:20:11 CST,2026-05-05 12:52:35 CST,ORDIUSDT,SHORT,5.128,5.195,1.4,-0.0938,LOSS,92.41
2026-05-05 15:32:40 CST,2026-05-05 17:05:05 CST,ORDIUSDT,SHORT,5.183,5.223,1.0,-0.04,LOSS,92.42
2026-05-05 20:05:12 CST,2026-05-06 02:07:32 CST,ORDIUSDT,SHORT,5.224,5.066,1.0,0.158,WIN,362.33
2026-05-06 03:32:41 CST,2026-05-06 05:05:06 CST,ORDIUSDT,SHORT,5.126,5.151,1.4,-0.035,LOSS,92.4
2026-05-06 05:30:09 CST,2026-05-06 09:47:33 CST,ORDIUSDT,SHORT,5.181,5.231,1.7,-0.085,LOSS,257.39
2026-05-06 10:00:12 CST,2026-05-06 11:05:46 CST,ORDIUSDT,SHORT,5.216,5.44,1.5,-0.336,LOSS,65.56
2026-05-06 13:47:41 CST,2026-05-06 15:20:06 CST,ORDIUSDT,SHORT,5.33,5.44,1.4,-0.154,LOSS,92.41
2026-05-06 16:07:41 CST,2026-05-06 18:10:05 CST,ORDIUSDT,SHORT,5.485,5.485,1.8,0.0,BREAKEVEN,122.39
2026-05-06 18:25:12 CST,2026-05-07 00:27:32 CST,ORDIUSDT,SHORT,5.52,5.248,1.8,0.4896,WIN,362.34
2026-05-07 00:30:14 CST,2026-05-07 06:32:32 CST,ORDIUSDT,SHORT,5.258,5.218,1.9,0.076,WIN,362.29
2026-05-07 07:05:12 CST,2026-05-07 08:37:36 CST,ORDIUSDT,SHORT,5.239,5.271,1.2,-0.0384,LOSS,92.4
2026-05-07 09:17:43 CST,2026-05-07 10:50:06 CST,ORDIUSDT,LONG,5.187,5.158,1.9,-0.0551,LOSS,92.37
2026-05-07 11:47:42 CST,2026-05-07 13:32:36 CST,ORDIUSDT,SHORT,5.17,5.181,1.9,-0.0209,LOSS,104.89
2026-05-07 11:47:42 CST,2026-05-07 15:17:36 CST,ORDIUSDT,SHORT,5.17,5.177,1.5,-0.0105,LOSS,209.89
2026-05-07 11:47:42 CST,2026-05-07 23:10:02 CST,ORDIUSDT,LONG,5.069,5.203,1.8,0.2412,WIN,682.33
2026-05-07 11:47:42 CST,2026-05-08 00:45:07 CST,ORDIUSDT,SHORT,5.218,5.217,1.2,0.0012,WIN,777.42
2026-05-07 11:47:42 CST,2026-05-08 01:02:45 CST,ORDIUSDT,LONG,5.181,5.18,1.0,-0.001,LOSS,795.05
2026-05-07 11:47:42 CST,2026-05-08 05:40:04 CST,ORDIUSDT,SHORT,5.248,5.249,1.9,-0.0019,LOSS,1072.36
2026-05-07 11:47:42 CST,2026-05-08 07:25:05 CST,ORDIUSDT,SHORT,5.244,5.273,1.3,-0.0377,LOSS,1177.38
2026-05-07 11:47:42 CST,2026-05-08 09:42:34 CST,ORDIUSDT,SHORT,5.323,5.327,1.0,-0.004,LOSS,1314.87
2026-05-07 11:47:42 CST,2026-05-08 12:47:37 CST,ORDIUSDT,SHORT,5.312,5.365,1.1,-0.0583,LOSS,1499.92
2026-05-04 18:32:40 CST,2026-05-04 20:05:06 CST,INXUSDT,SHORT,0.010107,0.010172,567.0,-0.0369,LOSS,92.44
2026-05-05 03:07:42 CST,2026-05-05 08:15:05 CST,INXUSDT,SHORT,0.010217,0.01022,661.0,-0.002,LOSS,307.37
2026-05-05 08:27:40 CST,2026-05-05 10:00:08 CST,INXUSDT,SHORT,0.010162,0.010176,244.0,-0.0034,LOSS,92.46
2026-05-05 08:27:40 CST,2026-05-05 10:00:08 CST,INXUSDT,SHORT,0.010162,0.010176,244.0,-0.0034,LOSS,92.46
2026-05-05 08:27:40 CST,2026-05-05 10:00:08 CST,INXUSDT,SHORT,0.010162,0.010176,116.0,-0.0016,LOSS,92.46
2026-05-05 11:45:12 CST,2026-05-05 17:47:32 CST,INXUSDT,SHORT,0.01017161,0.010115,544.0,0.0308,WIN,362.33
2026-05-05 11:45:12 CST,2026-05-05 17:47:32 CST,INXUSDT,SHORT,0.01017161,0.010118,309.0,0.0166,WIN,362.33
2026-05-05 20:22:42 CST,2026-05-06 01:35:03 CST,INXUSDT,SHORT,0.010217,0.010222,582.0,-0.0029,LOSS,312.35
2026-05-06 02:07:40 CST,2026-05-06 03:42:34 CST,INXUSDT,SHORT,0.010277,0.010317,626.0,-0.025,LOSS,94.9
2026-05-06 07:32:42 CST,2026-05-06 09:05:07 CST,INXUSDT,LONG,0.010049,0.009947,528.0,-0.0539,LOSS,92.42
2026-05-06 07:32:42 CST,2026-05-06 09:05:07 CST,INXUSDT,LONG,0.010049,0.009946,467.0,-0.0481,LOSS,92.42
2026-05-06 09:50:11 CST,2026-05-06 12:55:04 CST,INXUSDT,LONG,0.009814,0.009812,1018.0,-0.002,LOSS,184.89
2026-05-06 21:10:12 CST,2026-05-06 22:42:36 CST,INXUSDT,LONG,0.0094969,0.009412,558.0,-0.0474,LOSS,92.4
2026-05-06 21:10:12 CST,2026-05-06 22:42:36 CST,INXUSDT,LONG,0.0094969,0.00941,495.0,-0.043,LOSS,92.4
2026-05-06 23:05:11 CST,2026-05-07 00:55:06 CST,INXUSDT,LONG,0.00937603,0.009351,1065.0,-0.0267,LOSS,109.92
2026-05-07 01:15:15 CST,2026-05-07 02:47:37 CST,INXUSDT,SHORT,0.009441,0.009535,579.0,-0.0544,LOSS,92.38
2026-05-07 01:15:15 CST,2026-05-07 02:47:37 CST,INXUSDT,SHORT,0.009441,0.009537,480.0,-0.0461,LOSS,92.38
2026-05-07 03:07:41 CST,2026-05-07 04:47:34 CST,INXUSDT,SHORT,0.009561,0.009577,549.0,-0.0088,LOSS,99.9
2026-05-07 03:07:41 CST,2026-05-07 04:47:34 CST,INXUSDT,SHORT,0.009561,0.009579,496.0,-0.0089,LOSS,99.9
2026-05-07 06:00:10 CST,2026-05-07 12:02:32 CST,INXUSDT,SHORT,0.009802,0.009482,1019.0,0.3261,WIN,362.36
2026-05-07 12:02:42 CST,2026-05-07 17:22:32 CST,INXUSDT,SHORT,0.009479,0.009654,1054.0,-0.1845,LOSS,319.84
2026-05-07 17:57:44 CST,2026-05-07 19:30:08 CST,INXUSDT,SHORT,0.00972038,0.009715,773.0,0.0042,WIN,92.4
2026-05-07 21:05:12 CST,2026-05-07 22:40:06 CST,INXUSDT,LONG,0.009629,0.009625,828.0,-0.0033,LOSS,94.89
2026-05-08 00:32:43 CST,2026-05-08 06:35:02 CST,INXUSDT,LONG,0.00948407,0.009531,905.0,0.0425,WIN,362.33
2026-05-04 19:35:11 CST,2026-05-04 21:07:34 CST,LYNUSDT,SHORT,0.06512,0.06526,84.0,-0.0118,LOSS,92.39
2026-05-04 21:42:38 CST,2026-05-04 23:45:04 CST,LYNUSDT,SHORT,0.0661,0.06614,88.0,-0.0035,LOSS,122.44
2026-05-05 01:40:09 CST,2026-05-05 03:40:04 CST,LYNUSDT,SHORT,0.06638,0.06645,4.0,-0.0003,LOSS,119.92
2026-05-05 01:40:09 CST,2026-05-05 03:40:04 CST,LYNUSDT,SHORT,0.06638,0.06645,122.0,-0.0085,LOSS,119.92
2026-05-05 03:57:42 CST,2026-05-05 05:30:04 CST,LYNUSDT,SHORT,0.06649,0.06768,15.0,-0.0179,LOSS,92.38
2026-05-05 03:57:42 CST,2026-05-05 05:30:04 CST,LYNUSDT,SHORT,0.06649,0.06768,116.0,-0.138,LOSS,92.38
2026-05-05 05:42:42 CST,2026-05-05 11:45:02 CST,LYNUSDT,SHORT,0.06722,0.06557,93.0,0.1535,WIN,362.34
2026-05-05 11:45:11 CST,2026-05-05 17:47:32 CST,LYNUSDT,SHORT,0.06555,0.0648,132.0,0.099,WIN,362.35
2026-05-05 18:00:14 CST,2026-05-05 19:32:36 CST,LYNUSDT,SHORT,0.06504786,0.06592,117.0,-0.102,LOSS,92.37
2026-05-05 19:55:11 CST,2026-05-05 21:27:34 CST,LYNUSDT,SHORT,0.06632,0.06823,79.0,-0.1509,LOSS,92.39
2026-05-05 19:55:11 CST,2026-05-05 21:27:34 CST,LYNUSDT,SHORT,0.06632,0.06824,16.0,-0.0307,LOSS,92.39
2026-05-05 22:42:44 CST,2026-05-06 02:05:06 CST,LYNUSDT,LONG,0.06741,0.06726,88.0,-0.0132,LOSS,202.37
2026-05-05 22:42:44 CST,2026-05-06 02:05:06 CST,LYNUSDT,LONG,0.06741,0.06726,16.0,-0.0024,LOSS,202.37
2026-05-06 13:15:13 CST,2026-05-06 19:17:32 CST,LYNUSDT,SHORT,0.06645,0.06494,79.0,0.1193,WIN,362.31
2026-05-06 19:35:12 CST,2026-05-06 21:47:36 CST,LYNUSDT,SHORT,0.06525,0.06536,153.0,-0.0168,LOSS,132.39
2026-05-06 22:00:15 CST,2026-05-07 03:10:02 CST,LYNUSDT,SHORT,0.06602,0.06616,151.0,-0.0211,LOSS,309.79
2026-05-07 03:22:42 CST,2026-05-07 04:55:06 CST,LYNUSDT,SHORT,0.06596589,0.06624,151.0,-0.0414,LOSS,92.4
2026-05-07 06:25:15 CST,2026-05-07 06:25:17 CST,LYNUSDT,LONG,0.06498,0.06497,81.0,-0.0008,LOSS,0.04
2026-05-07 06:27:44 CST,2026-05-07 08:00:08 CST,LYNUSDT,LONG,0.06507,0.06503,96.0,-0.0038,LOSS,92.41
2026-05-07 08:42:41 CST,2026-05-07 09:42:34 CST,LYNUSDT,LONG,0.06411,0.06151,156.0,-0.4056,LOSS,59.87
2026-05-07 13:57:43 CST,2026-05-07 16:05:05 CST,LYNUSDT,LONG,0.06061,0.06057,1.0,-0.0,LOSS,127.36
2026-05-07 13:57:43 CST,2026-05-07 16:05:05 CST,LYNUSDT,LONG,0.06061,0.06056,146.0,-0.0073,LOSS,127.36
2026-05-07 16:17:42 CST,2026-05-07 22:20:02 CST,LYNUSDT,LONG,0.06033,0.06175,165.0,0.2343,WIN,362.34
2026-05-07 22:20:12 CST,2026-05-07 23:52:35 CST,LYNUSDT,SHORT,0.06179,0.062,82.0,-0.0172,LOSS,92.38
2026-05-07 22:20:12 CST,2026-05-07 23:52:35 CST,LYNUSDT,SHORT,0.06179,0.06201,79.0,-0.0174,LOSS,92.38
2026-05-08 04:27:42 CST,2026-05-08 06:00:07 CST,LYNUSDT,LONG,0.0602,0.06016,115.0,-0.0046,LOSS,92.41
2026-05-08 06:12:42 CST,2026-05-08 07:45:05 CST,LYNUSDT,SHORT,0.06082,0.06111,153.0,-0.0444,LOSS,92.39
2026-05-04 19:42:40 CST,2026-05-05 01:45:02 CST,BEATUSDT,SHORT,0.5646,0.5529,9.0,0.1053,WIN,362.38
2026-05-05 03:27:39 CST,2026-05-05 07:10:03 CST,BEATUSDT,SHORT,0.5587,0.56,12.0,-0.0156,LOSS,222.41
2026-05-05 07:22:40 CST,2026-05-05 08:57:34 CST,BEATUSDT,SHORT,0.5639,0.5649,17.0,-0.017,LOSS,94.91
2026-05-05 09:17:42 CST,2026-05-05 10:52:37 CST,BEATUSDT,SHORT,0.5659,0.5669,9.0,-0.009,LOSS,94.91
2026-05-05 17:57:41 CST,2026-05-05 19:30:06 CST,BEATUSDT,LONG,0.5472,0.5436,18.0,-0.0648,LOSS,92.42
2026-05-05 21:02:44 CST,2026-05-06 03:05:02 CST,BEATUSDT,SHORT,0.5478,0.5394,10.0,0.084,WIN,362.31
2026-05-06 04:45:10 CST,2026-05-06 06:17:34 CST,BEATUSDT,SHORT,0.5487,0.553,14.0,-0.0602,LOSS,92.4
2026-05-06 06:35:08 CST,2026-05-06 08:07:36 CST,BEATUSDT,SHORT,0.5566,0.5597,17.0,-0.0527,LOSS,92.46
2026-05-06 08:20:11 CST,2026-05-06 14:22:32 CST,BEATUSDT,SHORT,0.5625,0.5448,17.0,0.3009,WIN,362.34
2026-05-06 14:22:41 CST,2026-05-06 17:55:05 CST,BEATUSDT,SHORT,0.5445,0.5448,18.0,-0.0054,LOSS,212.39
2026-05-06 19:47:40 CST,2026-05-07 01:50:02 CST,BEATUSDT,SHORT,0.5497,0.5413,14.0,0.1176,WIN,362.36
2026-05-06 19:47:40 CST,2026-05-07 01:50:02 CST,BEATUSDT,SHORT,0.5497,0.5413,4.0,0.0336,WIN,362.36
2026-05-07 03:00:16 CST,2026-05-07 04:32:36 CST,BEATUSDT,LONG,0.5339,0.5198,18.0,-0.2538,LOSS,92.33
2026-05-07 05:55:14 CST,2026-05-07 07:35:05 CST,BEATUSDT,LONG,0.5108,0.5107,19.0,-0.0019,LOSS,99.85
2026-05-07 07:47:41 CST,2026-05-07 09:20:06 CST,BEATUSDT,SHORT,0.5225,0.5312,13.0,-0.1131,LOSS,92.42
2026-05-07 10:27:42 CST,2026-05-07 12:00:09 CST,BEATUSDT,LONG,0.5176,0.5145,13.0,-0.0403,LOSS,92.45
2026-05-07 12:20:11 CST,2026-05-07 13:52:35 CST,BEATUSDT,LONG,0.5121,0.5106,11.0,-0.0165,LOSS,92.4
2026-05-07 12:20:11 CST,2026-05-07 13:52:35 CST,BEATUSDT,LONG,0.5121,0.5106,7.0,-0.0105,LOSS,92.4
2026-05-07 16:47:41 CST,2026-05-07 18:20:06 CST,BEATUSDT,LONG,0.5005,0.5,19.0,-0.0095,LOSS,92.42
2026-05-07 18:50:13 CST,2026-05-07 20:22:34 CST,BEATUSDT,SHORT,0.5032,0.5039,14.0,-0.0098,LOSS,92.34
2026-05-07 20:35:13 CST,2026-05-07 23:00:07 CST,BEATUSDT,SHORT,0.5055,0.5077,18.0,-0.0396,LOSS,144.89
2026-05-07 23:30:12 CST,2026-05-08 01:42:35 CST,BEATUSDT,SHORT,0.5058,0.5069,10.0,-0.011,LOSS,132.37
2026-05-08 02:30:11 CST,2026-05-08 04:02:36 CST,BEATUSDT,SHORT,0.508,0.5135,10.0,-0.055,LOSS,92.42
2026-05-08 04:27:41 CST,2026-05-08 06:02:36 CST,BEATUSDT,SHORT,0.5167,0.518,13.0,-0.0169,LOSS,94.92
2026-05-08 06:15:10 CST,2026-05-08 07:47:35 CST,BEATUSDT,SHORT,0.5227,0.5326,10.0,-0.099,LOSS,92.4
2026-05-08 06:15:10 CST,2026-05-08 07:47:35 CST,BEATUSDT,SHORT,0.5227,0.5326,5.0,-0.0495,LOSS,92.4
2026-05-08 08:57:42 CST,2026-05-08 10:30:06 CST,BEATUSDT,LONG,0.5172,0.5096,18.0,-0.1368,LOSS,92.41
2026-05-04 19:52:38 CST,2026-05-05 01:55:02 CST,SPKUSDT,SHORT,0.03754,0.03681,140.0,0.1022,WIN,362.4
2026-05-06 04:30:09 CST,2026-05-06 06:02:34 CST,SPKUSDT,SHORT,0.03595,0.03601,244.0,-0.0146,LOSS,92.41
2026-05-06 08:37:41 CST,2026-05-06 14:40:02 CST,SPKUSDT,LONG,0.03548,0.03595,230.0,0.1081,WIN,362.35
2026-05-06 20:22:42 CST,2026-05-06 22:05:05 CST,SPKUSDT,LONG,0.03533,0.03532,283.0,-0.0028,LOSS,102.4
2026-05-07 08:12:42 CST,2026-05-07 09:45:06 CST,SPKUSDT,SHORT,0.03533,0.03583,182.0,-0.091,LOSS,92.4
2026-05-07 09:57:43 CST,2026-05-07 11:30:06 CST,SPKUSDT,SHORT,0.0359,0.03641,141.0,-0.0719,LOSS,92.39
2026-05-07 09:57:43 CST,2026-05-07 11:30:06 CST,SPKUSDT,SHORT,0.0359,0.03641,137.0,-0.0699,LOSS,92.39
2026-05-07 11:50:14 CST,2026-05-07 13:22:36 CST,SPKUSDT,SHORT,0.03638,0.03744,250.0,-0.265,LOSS,92.37
2026-05-07 13:40:12 CST,2026-05-07 17:22:35 CST,SPKUSDT,SHORT,0.03785,0.03786,188.0,-0.0019,LOSS,222.38
2026-05-07 17:35:12 CST,2026-05-07 19:07:36 CST,SPKUSDT,SHORT,0.03786,0.0385,264.0,-0.169,LOSS,92.4
2026-05-07 19:25:13 CST,2026-05-07 20:57:36 CST,SPKUSDT,SHORT,0.03856,0.03864,133.0,-0.0106,LOSS,92.38
2026-05-07 21:15:13 CST,2026-05-07 22:47:35 CST,SPKUSDT,SHORT,0.03857,0.03961,136.0,-0.1414,LOSS,92.37
2026-05-07 23:12:42 CST,2026-05-08 00:45:08 CST,SPKUSDT,SHORT,0.03991,0.04023,161.0,-0.0515,LOSS,92.44
2026-05-08 00:57:41 CST,2026-05-08 07:00:04 CST,SPKUSDT,SHORT,0.04046,0.03736,225.0,0.6975,WIN,362.38
2026-05-08 09:05:11 CST,2026-05-08 10:37:35 CST,SPKUSDT,SHORT,0.03717,0.03734,222.0,-0.0377,LOSS,92.39
2026-05-08 11:07:41 CST,2026-05-08 12:40:06 CST,SPKUSDT,SHORT,0.03752,0.03796,166.0,-0.073,LOSS,92.42
2026-05-04 19:52:41 CST,2026-05-04 21:25:06 CST,STOUSDT,SHORT,0.08979,0.09017,58.0,-0.022,LOSS,92.4
2026-05-04 21:55:08 CST,2026-05-05 03:57:32 CST,STOUSDT,SHORT,0.09060747,0.08805,75.0,0.1918,WIN,362.4
2026-05-05 09:47:42 CST,2026-05-05 11:20:06 CST,STOUSDT,LONG,0.08742,0.08688,63.0,-0.034,LOSS,92.4
2026-05-05 12:57:42 CST,2026-05-05 14:30:06 CST,STOUSDT,SHORT,0.08664,0.08669,115.0,-0.0057,LOSS,92.41
2026-05-05 16:25:09 CST,2026-05-05 17:57:35 CST,STOUSDT,SHORT,0.08775,0.08784,67.0,-0.006,LOSS,92.44
2026-05-06 04:30:11 CST,2026-05-06 06:02:35 CST,STOUSDT,SHORT,0.08693,0.08724,101.0,-0.0313,LOSS,92.4
2026-05-06 09:35:13 CST,2026-05-06 11:07:36 CST,STOUSDT,SHORT,0.08692,0.08812,58.0,-0.0696,LOSS,92.38
2026-05-06 09:35:13 CST,2026-05-06 11:07:36 CST,STOUSDT,SHORT,0.08692,0.08812,35.0,-0.042,LOSS,92.38
2026-05-06 12:47:41 CST,2026-05-06 18:50:02 CST,STOUSDT,SHORT,0.08819,0.08682,40.0,0.0548,WIN,362.36
2026-05-06 12:47:41 CST,2026-05-06 18:50:02 CST,STOUSDT,SHORT,0.08819,0.08682,56.0,0.0767,WIN,362.36
2026-05-06 21:05:11 CST,2026-05-06 22:37:35 CST,STOUSDT,LONG,0.08655,0.08439,60.0,-0.1296,LOSS,92.41
2026-05-06 21:05:11 CST,2026-05-06 22:37:35 CST,STOUSDT,LONG,0.08655,0.08439,55.0,-0.1188,LOSS,92.41
2026-05-07 00:35:14 CST,2026-05-07 02:07:37 CST,STOUSDT,SHORT,0.08485,0.0857,25.0,-0.0213,LOSS,92.38
2026-05-07 00:35:14 CST,2026-05-07 02:07:37 CST,STOUSDT,SHORT,0.08485,0.0857,45.0,-0.0382,LOSS,92.38
2026-05-07 02:20:14 CST,2026-05-07 03:52:37 CST,STOUSDT,SHORT,0.08555,0.08581,116.0,-0.0302,LOSS,92.38
2026-05-07 06:32:42 CST,2026-05-07 08:05:08 CST,STOUSDT,SHORT,0.08655,0.08669,59.0,-0.0083,LOSS,92.43
2026-05-07 06:32:42 CST,2026-05-07 08:05:08 CST,STOUSDT,SHORT,0.08655,0.08669,40.0,-0.0056,LOSS,92.43
2026-05-07 09:37:43 CST,2026-05-07 15:40:02 CST,STOUSDT,LONG,0.08523,0.08657,59.0,0.0791,WIN,362.31
2026-05-07 09:37:43 CST,2026-05-07 15:40:02 CST,STOUSDT,LONG,0.08523,0.08656,17.0,0.0226,WIN,362.31
2026-05-07 21:12:43 CST,2026-05-08 00:05:05 CST,STOUSDT,SHORT,0.08844,0.08847,86.0,-0.0026,LOSS,172.37
2026-05-08 00:32:42 CST,2026-05-08 06:35:02 CST,STOUSDT,SHORT,0.08861,0.08827,60.0,0.0204,WIN,362.33
2026-05-08 00:32:42 CST,2026-05-08 06:35:02 CST,STOUSDT,SHORT,0.08861,0.08827,36.0,0.0122,WIN,362.33
2026-05-04 20:17:39 CST,2026-05-05 01:15:03 CST,CTSIUSDT,SHORT,0.03357,0.03381,152.0,-0.0365,LOSS,297.39
2026-05-05 01:27:39 CST,2026-05-05 07:30:02 CST,CTSIUSDT,SHORT,0.03402,0.03326,3.0,0.0023,WIN,362.38
2026-05-05 01:27:39 CST,2026-05-05 07:30:02 CST,CTSIUSDT,SHORT,0.03402,0.03326,220.0,0.1672,WIN,362.38
2026-05-05 10:10:13 CST,2026-05-05 12:12:36 CST,CTSIUSDT,SHORT,0.03334,0.03344,216.0,-0.0216,LOSS,122.37
2026-05-06 10:17:40 CST,2026-05-06 11:50:06 CST,CTSIUSDT,SHORT,0.03347,0.03351,272.0,-0.0109,LOSS,92.42
2026-05-06 20:07:42 CST,2026-05-06 21:40:06 CST,CTSIUSDT,LONG,0.03294,0.0327,303.0,-0.0727,LOSS,92.39
2026-05-06 23:15:13 CST,2026-05-07 00:47:37 CST,CTSIUSDT,SHORT,0.0329,0.03354,85.0,-0.0544,LOSS,92.39
2026-05-06 23:15:13 CST,2026-05-07 00:47:37 CST,CTSIUSDT,SHORT,0.0329,0.03354,218.0,-0.1395,LOSS,92.39
2026-05-07 01:00:12 CST,2026-05-07 03:02:35 CST,CTSIUSDT,SHORT,0.0338,0.03384,295.0,-0.0118,LOSS,122.38
2026-05-07 03:22:43 CST,2026-05-07 07:10:04 CST,CTSIUSDT,SHORT,0.03382,0.03385,295.0,-0.0088,LOSS,227.34
2026-05-07 09:05:13 CST,2026-05-07 10:40:07 CST,CTSIUSDT,LONG,0.03342,0.03338,299.0,-0.012,LOSS,94.89
2026-05-07 13:07:42 CST,2026-05-07 15:05:06 CST,CTSIUSDT,SHORT,0.0335,0.0335,230.0,0.0,BREAKEVEN,117.4
2026-05-04 20:30:09 CST,2026-05-05 02:32:32 CST,CLOUSDT,SHORT,0.12187,0.11879,43.0,0.1324,WIN,362.39
2026-05-05 11:10:12 CST,2026-05-05 17:12:32 CST,CLOUSDT,SHORT,0.11831,0.11599,54.0,0.1253,WIN,362.33
2026-05-05 11:10:12 CST,2026-05-05 17:12:32 CST,CLOUSDT,SHORT,0.11831,0.11599,4.0,0.0093,WIN,362.33
2026-05-05 18:15:10 CST,2026-05-05 23:30:04 CST,CLOUSDT,LONG,0.11368,0.11357,64.0,-0.007,LOSS,314.9
2026-05-06 01:02:41 CST,2026-05-06 02:42:36 CST,CLOUSDT,SHORT,0.11411,0.11437,46.0,-0.012,LOSS,99.93
2026-05-06 01:02:41 CST,2026-05-06 02:42:36 CST,CLOUSDT,SHORT,0.11411,0.11439,8.0,-0.0022,LOSS,99.93
2026-05-06 13:52:43 CST,2026-05-06 15:27:36 CST,CLOUSDT,SHORT,0.10915,0.10933,51.0,-0.0092,LOSS,94.88
2026-05-06 16:47:41 CST,2026-05-06 22:50:02 CST,CLOUSDT,SHORT,0.10946,0.10487,91.0,0.4177,WIN,362.35
2026-05-06 23:42:42 CST,2026-05-07 02:17:35 CST,CLOUSDT,SHORT,0.1056,0.10558,94.0,0.0019,WIN,154.89
2026-05-07 02:42:42 CST,2026-05-07 04:26:15 CST,CLOUSDT,SHORT,0.10639,0.11397,94.0,-0.7125,LOSS,103.55
2026-05-07 04:45:12 CST,2026-05-07 05:05:24 CST,CLOUSDT,SHORT,0.13893,0.12504,37.0,0.5139,WIN,20.2
2026-05-07 07:50:13 CST,2026-05-07 09:22:36 CST,CLOUSDT,SHORT,0.12313,0.12318,48.0,-0.0024,LOSS,92.37
2026-05-07 09:57:42 CST,2026-05-07 11:30:06 CST,CLOUSDT,SHORT,0.12559,0.13009,77.0,-0.3465,LOSS,92.39
2026-05-07 09:57:42 CST,2026-05-07 11:30:06 CST,CLOUSDT,SHORT,0.12559,0.13014,2.0,-0.0091,LOSS,92.39
2026-05-07 11:45:14 CST,2026-05-07 12:46:24 CST,CLOUSDT,SHORT,0.13155,0.13717,65.0,-0.3653,LOSS,61.16
2026-05-07 15:15:15 CST,2026-05-07 16:07:55 CST,CLOUSDT,SHORT,0.13223,0.13758,62.0,-0.3317,LOSS,52.67
2026-05-07 18:12:43 CST,2026-05-07 20:10:05 CST,CLOUSDT,SHORT,0.14094,0.14169,5.0,-0.0037,LOSS,117.36
2026-05-07 18:12:43 CST,2026-05-07 20:10:05 CST,CLOUSDT,SHORT,0.14094,0.1417,56.0,-0.0426,LOSS,117.36
2026-05-07 21:02:42 CST,2026-05-07 22:40:05 CST,CLOUSDT,LONG,0.13353818,0.13314,66.0,-0.0263,LOSS,97.38
2026-05-08 02:45:12 CST,2026-05-08 05:02:42 CST,CLOUSDT,LONG,0.12758,0.14034,50.0,0.638,WIN,137.5
2026-05-08 05:12:40 CST,2026-05-08 06:17:20 CST,CLOUSDT,SHORT,0.14025,0.14557,71.0,-0.3777,LOSS,64.66
2026-05-08 06:30:12 CST,2026-05-08 07:24:37 CST,CLOUSDT,SHORT,0.15001,0.15618,48.0,-0.2962,LOSS,54.41
2026-05-04 21:25:12 CST,2026-05-05 03:27:32 CST,MOVRUSDT,SHORT,2.248,2.186,2.71,0.168,WIN,362.34
2026-05-05 06:20:10 CST,2026-05-05 08:02:34 CST,MOVRUSDT,SHORT,2.195,2.198,2.33,-0.007,LOSS,102.41
2026-05-05 08:15:14 CST,2026-05-05 14:17:32 CST,MOVRUSDT,SHORT,2.216,2.138,2.9,0.2262,WIN,362.3
2026-05-05 14:25:10 CST,2026-05-05 15:57:34 CST,MOVRUSDT,SHORT,2.139,2.149,2.38,-0.0238,LOSS,92.41
2026-05-05 17:20:09 CST,2026-05-05 22:15:03 CST,MOVRUSDT,SHORT,2.155,2.155,3.3,0.0,BREAKEVEN,294.89
2026-05-05 22:27:42 CST,2026-05-06 04:30:02 CST,MOVRUSDT,SHORT,2.213,2.154,2.6,0.1534,WIN,362.34
2026-05-05 22:27:42 CST,2026-05-06 04:30:02 CST,MOVRUSDT,SHORT,2.213,2.154,0.69,0.0407,WIN,362.34
2026-05-06 04:57:39 CST,2026-05-06 06:30:04 CST,MOVRUSDT,SHORT,2.176,2.2,0.01,-0.0002,LOSS,92.41
2026-05-06 04:57:39 CST,2026-05-06 06:30:04 CST,MOVRUSDT,SHORT,2.176,2.2,3.08,-0.0739,LOSS,92.41
2026-05-06 06:42:40 CST,2026-05-06 10:12:34 CST,MOVRUSDT,SHORT,2.211,2.213,0.7,-0.0014,LOSS,209.89
2026-05-06 06:42:40 CST,2026-05-06 10:12:34 CST,MOVRUSDT,SHORT,2.211,2.213,3.82,-0.0076,LOSS,209.89
2026-05-06 06:42:40 CST,2026-05-06 12:00:07 CST,MOVRUSDT,SHORT,2.199,2.21,2.69,-0.0296,LOSS,317.45
2026-05-06 06:42:40 CST,2026-05-06 18:20:02 CST,MOVRUSDT,SHORT,2.255,2.174,2.74,0.2219,WIN,697.37
2026-05-06 06:42:40 CST,2026-05-06 20:25:05 CST,MOVRUSDT,SHORT,2.194,2.196,4.55,-0.0091,LOSS,822.42
2026-05-06 06:42:40 CST,2026-05-06 22:17:36 CST,MOVRUSDT,SHORT,2.221,2.227,4.5,-0.027,LOSS,934.94
2026-05-06 06:42:40 CST,2026-05-07 00:02:37 CST,MOVRUSDT,SHORT,2.231,2.233,4.37,-0.0087,LOSS,1039.95
2026-05-06 06:42:40 CST,2026-05-07 03:20:04 CST,MOVRUSDT,SHORT,2.266,2.27,2.39,-0.0096,LOSS,1237.4
2026-05-06 06:42:40 CST,2026-05-07 05:05:06 CST,MOVRUSDT,SHORT,2.287,2.29,4.37,-0.0131,LOSS,1342.43
2026-05-06 06:42:40 CST,2026-05-07 07:57:36 CST,MOVRUSDT,SHORT,2.326,2.338,4.0,-0.048,LOSS,1514.93
2026-05-06 06:42:40 CST,2026-05-07 07:57:36 CST,MOVRUSDT,SHORT,2.326,2.338,0.25,-0.003,LOSS,1514.93
2026-05-06 06:42:40 CST,2026-05-07 14:12:32 CST,MOVRUSDT,SHORT,2.361,2.349,2.55,0.0306,WIN,1889.87
2026-05-06 06:42:40 CST,2026-05-07 15:45:08 CST,MOVRUSDT,SHORT,2.348,2.399,2.59,-0.1321,LOSS,1982.46
2026-05-06 06:42:40 CST,2026-05-07 17:35:06 CST,MOVRUSDT,SHORT,2.418,2.471,2.1,-0.1113,LOSS,2092.44
2026-05-06 06:42:40 CST,2026-05-07 17:35:06 CST,MOVRUSDT,SHORT,2.418,2.471,2.03,-0.1076,LOSS,2092.44
2026-05-06 06:42:40 CST,2026-05-07 18:08:09 CST,MOVRUSDT,SHORT,2.502,2.604,1.37,-0.1397,LOSS,2125.48
2026-05-06 06:42:40 CST,2026-05-07 18:08:09 CST,MOVRUSDT,SHORT,2.502,2.604,1.63,-0.1663,LOSS,2125.48
2026-05-06 06:42:40 CST,2026-05-07 22:20:04 CST,MOVRUSDT,SHORT,2.578,2.586,3.56,-0.0285,LOSS,2377.39
2026-05-06 06:42:40 CST,2026-05-08 03:52:32 CST,MOVRUSDT,SHORT,2.582,2.591,3.86,-0.0347,LOSS,2709.87
2026-05-06 06:42:40 CST,2026-05-08 07:20:04 CST,MOVRUSDT,SHORT,2.6,2.612,2.2,-0.0264,LOSS,2917.4
2026-05-06 06:42:40 CST,2026-05-08 07:20:04 CST,MOVRUSDT,SHORT,2.6,2.613,0.85,-0.0111,LOSS,2917.4
2026-05-06 06:42:40 CST,2026-05-08 07:37:23 CST,MOVRUSDT,SHORT,2.634,2.734,3.78,-0.378,LOSS,2934.71
2026-05-06 06:42:40 CST,2026-05-08 13:07:32 CST,MOVRUSDT,SHORT,2.715,2.729,1.9,-0.0266,LOSS,3264.88
2026-05-06 06:42:40 CST,2026-05-08 13:07:32 CST,MOVRUSDT,SHORT,2.715,2.73,1.77,-0.0266,LOSS,3264.88
2026-05-04 21:30:02 CST,2026-05-05 05:37:32 CST,PIPPINUSDT,SHORT,0.02527,0.02529,206.0,-0.0041,LOSS,487.5
2026-05-04 21:30:02 CST,2026-05-05 08:32:34 CST,PIPPINUSDT,SHORT,0.02529341,0.02539,201.0,-0.01,LOSS,662.54
2026-05-04 21:30:02 CST,2026-05-05 15:20:02 CST,PIPPINUSDT,SHORT,0.02530643,0.02517,221.0,0.0354,WIN,1070.0
2026-05-04 21:30:02 CST,2026-05-05 17:00:08 CST,PIPPINUSDT,SHORT,0.02528756,0.02537,274.0,-0.0301,LOSS,1170.09
2026-05-04 21:30:02 CST,2026-05-05 21:02:36 CST,PIPPINUSDT,SHORT,0.02531623,0.02589,262.0,-0.1389,LOSS,1412.56
2026-05-04 21:30:02 CST,2026-05-05 22:22:44 CST,PIPPINUSDT,SHORT,0.02531623,0.02541,262.0,0.0,BREAKEVEN,1492.69
2026-05-04 21:30:02 CST,2026-05-05 23:27:43 CST,PIPPINUSDT,SHORT,0.0242314,0.02187,446.0,0.0,BREAKEVEN,1557.68
2026-05-04 21:30:02 CST,2026-05-06 07:37:36 CST,PIPPINUSDT,SHORT,0.02357241,0.02435,229.0,-0.1511,LOSS,2047.56
2026-05-04 21:30:02 CST,2026-05-06 09:32:35 CST,PIPPINUSDT,SHORT,0.02393161,0.02453,262.0,-0.0131,LOSS,2162.56
2026-05-04 21:30:02 CST,2026-05-06 12:27:35 CST,PIPPINUSDT,SHORT,0.02409878,0.02443,222.0,-0.0067,LOSS,2337.55
2026-05-04 21:30:02 CST,2026-05-06 14:17:36 CST,PIPPINUSDT,SHORT,0.02423697,0.02452,302.0,-0.0302,LOSS,2447.56
2026-05-04 21:30:02 CST,2026-05-06 17:50:07 CST,PIPPINUSDT,SHORT,0.0243898,0.02458,407.0,-0.0163,LOSS,2660.08
2026-05-04 21:30:02 CST,2026-05-06 20:07:44 CST,PIPPINUSDT,SHORT,0.0243898,0.02396,418.0,0.0,BREAKEVEN,2797.69
2026-05-04 21:30:02 CST,2026-05-07 01:02:37 CST,PIPPINUSDT,SHORT,0.02398108,0.02447,416.0,-0.183,LOSS,3092.58
2026-05-04 21:30:02 CST,2026-05-07 02:57:42 CST,PIPPINUSDT,SHORT,0.02398108,0.02434,410.0,0.0,BREAKEVEN,3207.67
2026-05-04 21:30:02 CST,2026-05-07 15:27:32 CST,PIPPINUSDT,SHORT,0.02521826,0.02472,349.0,0.2059,WIN,3957.5
2026-05-04 21:30:02 CST,2026-05-07 17:20:06 CST,PIPPINUSDT,SHORT,0.02501299,0.02472,271.0,-0.0027,LOSS,4070.06
2026-05-04 21:30:02 CST,2026-05-07 19:07:36 CST,PIPPINUSDT,SHORT,0.02487268,0.02475,345.0,-0.0138,LOSS,4177.56
2026-05-04 21:30:02 CST,2026-05-08 01:27:32 CST,PIPPINUSDT,SHORT,0.02496634,0.02454,204.0,0.1244,WIN,4557.5
2026-05-04 21:30:02 CST,2026-05-08 04:37:41 CST,PIPPINUSDT,SHORT,0.02496634,0.02447,277.0,0.0,BREAKEVEN,4747.65
2026-05-04 21:30:02 CST,2026-05-08 08:17:35 CST,PIPPINUSDT,SHORT,0.02450513,0.0246,234.0,-0.0304,LOSS,4967.55
2026-05-04 21:30:02 CST,2026-05-08 10:10:05 CST,PIPPINUSDT,SHORT,0.024567,0.02471,339.0,-0.0237,LOSS,5080.05
2026-05-04 21:30:02 CST,2026-05-08 10:25:13 CST,PIPPINUSDT,SHORT,0.024567,0.02443,314.0,0.0,BREAKEVEN,5095.18
2026-05-04 21:30:02 CST,2026-05-04 22:05:08 CST,GWEIUSDT,LONG,0.10859,0.10951,50.0,0.0,BREAKEVEN,35.09
2026-05-04 21:30:02 CST,2026-05-05 05:07:35 CST,GWEIUSDT,LONG,0.1087746,0.10787,71.0,-0.0028,LOSS,457.54
2026-05-04 21:30:02 CST,2026-05-05 05:27:39 CST,GWEIUSDT,LONG,0.1087746,0.10833,49.0,0.0,BREAKEVEN,477.62
2026-05-04 21:30:02 CST,2026-05-05 07:12:39 CST,GWEIUSDT,LONG,0.10980109,0.11046,88.0,0.0,BREAKEVEN,582.61
2026-05-04 21:30:02 CST,2026-05-05 11:32:41 CST,GWEIUSDT,LONG,0.11509958,0.13062,45.0,0.0,BREAKEVEN,842.65
2026-05-04 21:30:02 CST,2026-05-05 13:47:39 CST,GWEIUSDT,LONG,0.12334979,0.1304,52.0,0.0,BREAKEVEN,977.61
2026-05-04 21:30:02 CST,2026-05-05 16:25:10 CST,GWEIUSDT,LONG,0.12756769,0.13209,44.0,0.0,BREAKEVEN,1135.12
2026-05-04 21:30:02 CST,2026-05-05 20:22:41 CST,GWEIUSDT,LONG,0.13018926,0.13233,44.0,0.0,BREAKEVEN,1372.65
2026-05-04 21:30:02 CST,2026-05-05 22:12:41 CST,GWEIUSDT,LONG,0.13268296,0.13627,47.0,0.0,BREAKEVEN,1482.64
2026-05-04 21:30:02 CST,2026-05-06 02:47:41 CST,GWEIUSDT,LONG,0.13631608,0.14112,38.0,0.0,BREAKEVEN,1757.64
2026-05-04 21:30:02 CST,2026-05-06 02:47:41 CST,GWEIUSDT,LONG,0.13631608,0.1411,28.0,0.0,BREAKEVEN,1757.64
2026-05-04 21:30:02 CST,2026-05-06 04:57:43 CST,GWEIUSDT,LONG,0.13992695,0.14071,47.0,0.0,BREAKEVEN,1887.67
2026-05-04 21:30:02 CST,2026-05-06 09:35:12 CST,GWEIUSDT,LONG,0.13298821,0.12978,62.0,0.0,BREAKEVEN,2165.16
2026-05-04 21:30:02 CST,2026-05-06 13:27:42 CST,GWEIUSDT,LONG,0.13087455,0.13301,40.0,0.0,BREAKEVEN,2397.66
2026-05-04 21:30:02 CST,2026-05-06 18:25:13 CST,GWEIUSDT,LONG,0.13208586,0.13263,75.0,0.0,BREAKEVEN,2695.17
2026-05-04 21:30:02 CST,2026-05-06 20:20:13 CST,GWEIUSDT,LONG,0.13324764,0.13513,62.0,0.0,BREAKEVEN,2810.17
2026-05-04 21:30:02 CST,2026-05-06 20:20:13 CST,GWEIUSDT,LONG,0.13324764,0.13511,12.0,0.0,BREAKEVEN,2810.17
2026-05-04 21:30:02 CST,2026-05-06 22:05:12 CST,GWEIUSDT,LONG,0.13519003,0.13593,54.0,0.0,BREAKEVEN,2915.16
2026-05-04 21:30:02 CST,2026-05-07 04:15:14 CST,GWEIUSDT,LONG,0.1359429,0.13636,71.0,0.0,BREAKEVEN,3285.2
2026-05-04 21:30:02 CST,2026-05-07 09:32:47 CST,GWEIUSDT,LONG,0.12503693,0.12405,42.0,0.0013,WIN,3602.74
2026-05-04 21:30:02 CST,2026-05-07 10:27:42 CST,GWEIUSDT,LONG,0.12503693,0.12624,56.0,0.0,BREAKEVEN,3657.66
2026-05-04 21:30:02 CST,2026-05-07 12:00:16 CST,GWEIUSDT,LONG,0.12908495,0.13043,76.0,0.0,BREAKEVEN,3750.23
2026-05-04 21:30:02 CST,2026-05-07 17:20:11 CST,GWEIUSDT,LONG,0.1303221,0.12929,65.0,0.0,BREAKEVEN,4070.15
2026-05-04 21:30:02 CST,2026-05-07 19:47:41 CST,GWEIUSDT,LONG,0.12993358,0.12989,76.0,0.0,BREAKEVEN,4217.64
2026-05-04 21:30:02 CST,2026-05-07 21:32:41 CST,GWEIUSDT,LONG,0.13030211,0.13044,75.0,0.0,BREAKEVEN,4322.65
2026-05-04 21:30:02 CST,2026-05-08 01:30:12 CST,GWEIUSDT,LONG,0.13198369,0.13198,75.0,0.0,BREAKEVEN,4560.17
2026-05-04 21:30:02 CST,2026-05-08 04:02:42 CST,GWEIUSDT,LONG,0.13210461,0.13429,42.0,0.0,BREAKEVEN,4712.67
2026-05-04 21:30:02 CST,2026-05-08 07:12:41 CST,GWEIUSDT,LONG,0.13332513,0.13568,37.0,0.0,BREAKEVEN,4902.65
2026-05-04 21:30:03 CST,2026-05-05 01:05:15 CST,BIOUSDT,LONG,0.05398,0.05384,108.0,0.0,BREAKEVEN,215.2
2026-05-04 21:30:03 CST,2026-05-05 06:52:40 CST,BIOUSDT,LONG,0.05491474,0.05355,186.0,0.0,BREAKEVEN,562.63
2026-05-04 21:30:03 CST,2026-05-05 13:00:12 CST,BIOUSDT,LONG,0.05353906,0.05348,95.0,0.0,BREAKEVEN,930.15
2026-05-04 21:30:03 CST,2026-05-05 13:00:12 CST,BIOUSDT,LONG,0.05353906,0.05348,77.0,0.0,BREAKEVEN,930.15
2026-05-04 21:30:03 CST,2026-05-05 17:17:35 CST,BIOUSDT,LONG,0.05376263,0.05229,103.0,-0.0711,LOSS,1187.55
2026-05-04 21:30:03 CST,2026-05-05 19:32:36 CST,BIOUSDT,LONG,0.05284151,0.05069,147.0,-0.1588,LOSS,1322.56
2026-05-04 21:30:03 CST,2026-05-05 20:35:11 CST,BIOUSDT,LONG,0.05284151,0.05121,100.0,0.0,BREAKEVEN,1385.13
2026-05-04 21:30:03 CST,2026-05-05 20:35:11 CST,BIOUSDT,LONG,0.05284151,0.05121,11.0,0.0,BREAKEVEN,1385.13
2026-05-04 21:30:03 CST,2026-05-06 00:30:06 CST,BIOUSDT,LONG,0.05157171,0.04989,102.0,-0.0704,LOSS,1620.06
2026-05-04 21:30:03 CST,2026-05-06 00:30:06 CST,BIOUSDT,LONG,0.05157171,0.04989,25.0,-0.0173,LOSS,1620.06
2026-05-04 21:30:03 CST,2026-05-06 00:45:13 CST,BIOUSDT,LONG,0.05157171,0.05043,143.0,0.0,BREAKEVEN,1635.18
2026-05-04 21:30:03 CST,2026-05-06 02:32:42 CST,BIOUSDT,LONG,0.05106853,0.0514,99.0,0.0,BREAKEVEN,1742.65
2026-05-04 21:30:03 CST,2026-05-06 02:32:42 CST,BIOUSDT,LONG,0.05106853,0.0514,34.0,0.0,BREAKEVEN,1742.65
2026-05-04 21:30:03 CST,2026-05-06 10:10:06 CST,BIOUSDT,LONG,0.04897306,0.04826,167.0,-0.0651,LOSS,2200.05
2026-05-04 21:30:03 CST,2026-05-06 13:27:35 CST,BIOUSDT,LONG,0.04849457,0.04792,49.0,-0.0059,LOSS,2397.54
2026-05-04 21:30:03 CST,2026-05-06 13:27:35 CST,BIOUSDT,LONG,0.04849457,0.04792,131.0,-0.0157,LOSS,2397.54
2026-05-04 21:30:03 CST,2026-05-06 15:20:05 CST,BIOUSDT,LONG,0.04808258,0.04765,175.0,-0.0053,LOSS,2510.05
2026-05-04 21:30:03 CST,2026-05-06 15:32:42 CST,BIOUSDT,LONG,0.04808258,0.04773,209.0,0.0,BREAKEVEN,2522.66
2026-05-04 21:30:03 CST,2026-05-06 22:41:29 CST,BIOUSDT,LONG,0.04786524,0.04528,209.0,-0.4974,LOSS,2951.43
2026-05-04 21:30:03 CST,2026-05-07 04:57:33 CST,BIOUSDT,LONG,0.04607941,0.04726,129.0,0.329,WIN,3327.51
2026-05-04 21:30:03 CST,2026-05-07 04:57:33 CST,BIOUSDT,LONG,0.04607941,0.04726,94.0,0.2397,WIN,3327.51
2026-05-04 21:30:03 CST,2026-05-07 04:57:41 CST,BIOUSDT,LONG,0.04607941,0.04724,211.0,0.0,BREAKEVEN,3327.64
2026-05-04 21:30:03 CST,2026-05-07 08:57:35 CST,BIOUSDT,LONG,0.04825575,0.04693,179.0,-0.0987,LOSS,3567.55
2026-05-04 21:30:03 CST,2026-05-07 11:30:14 CST,BIOUSDT,LONG,0.04825575,0.0468,181.0,0.0,BREAKEVEN,3720.18
2026-05-04 21:30:03 CST,2026-05-07 19:22:36 CST,BIOUSDT,LONG,0.04502465,0.04495,221.0,-0.0243,LOSS,4192.56
2026-05-04 21:30:03 CST,2026-05-07 20:00:14 CST,BIOUSDT,LONG,0.04502465,0.04537,124.0,0.0,BREAKEVEN,4230.2
2026-05-04 21:30:03 CST,2026-05-07 22:47:41 CST,BIOUSDT,LONG,0.04544044,0.04571,163.0,0.0,BREAKEVEN,4397.63
2026-05-04 21:30:03 CST,2026-05-08 01:30:10 CST,BIOUSDT,LONG,0.04570517,0.04669,214.0,0.0,BREAKEVEN,4560.13
2026-05-04 21:30:03 CST,2026-05-08 07:32:40 CST,BIOUSDT,LONG,0.04596152,0.04611,216.0,0.0,BREAKEVEN,4922.62
2026-05-04 21:30:03 CST,2026-05-08 09:27:41 CST,BIOUSDT,LONG,0.0464545,0.04697,111.0,0.0,BREAKEVEN,5037.63
2026-05-04 21:30:03 CST,2026-05-08 11:27:41 CST,BIOUSDT,LONG,0.04662436,0.04767,105.0,0.0,BREAKEVEN,5157.64
2026-05-04 21:30:03 CST,2026-05-08 11:50:13 CST,BIOUSDT,LONG,0.04748508,0.04941,103.0,0.0,BREAKEVEN,5180.17
2026-05-04 21:30:03 CST,2026-05-08 11:50:13 CST,BIOUSDT,LONG,0.04748508,0.04941,1.0,0.0,BREAKEVEN,5180.17
2026-05-04 21:30:03 CST,2026-05-08 13:37:43 CST,BIOUSDT,LONG,0.04851503,0.05056,174.0,0.0,BREAKEVEN,5287.67
2026-05-04 21:30:03 CST,2026-05-04 23:10:12 CST,MUSDT,LONG,2.66874,2.6481,2.0,-0.0012,LOSS,100.16
2026-05-04 21:30:03 CST,2026-05-05 01:40:10 CST,MUSDT,LONG,2.66874,3.3542,2.0,0.0,BREAKEVEN,250.13
2026-05-04 21:30:03 CST,2026-05-05 07:17:38 CST,MUSDT,LONG,3.21991333,3.4374,2.0,0.0,BREAKEVEN,587.59
2026-05-04 21:30:03 CST,2026-05-05 12:57:40 CST,MUSDT,LONG,3.37097111,3.5349,2.0,0.0,BREAKEVEN,927.62
2026-05-04 21:30:03 CST,2026-05-05 17:17:40 CST,MUSDT,LONG,3.50339037,3.545,2.0,0.0,BREAKEVEN,1187.62
2026-05-04 21:30:03 CST,2026-05-05 21:55:13 CST,MUSDT,LONG,3.55073012,3.5036,2.0,0.0,BREAKEVEN,1465.16
2026-05-04 21:30:03 CST,2026-05-06 03:05:12 CST,MUSDT,LONG,3.52177671,3.5621,2.0,0.0,BREAKEVEN,1775.16
2026-05-04 21:30:03 CST,2026-05-06 06:25:09 CST,MUSDT,LONG,3.60312557,3.6542,2.0,0.0,BREAKEVEN,1975.1
2026-05-04 21:30:03 CST,2026-05-06 08:27:40 CST,MUSDT,LONG,3.64437519,3.662,1.0,0.0,BREAKEVEN,2097.62
2026-05-04 21:30:03 CST,2026-05-06 08:27:40 CST,MUSDT,LONG,3.64437519,3.662,1.0,0.0,BREAKEVEN,2097.62
2026-05-04 21:30:03 CST,2026-05-06 19:50:04 CST,MUSDT,LONG,3.61143504,3.7488,2.0,0.4522,WIN,2780.02
2026-05-04 21:30:03 CST,2026-05-06 21:55:13 CST,MUSDT,LONG,3.61143504,3.758,2.0,0.0,BREAKEVEN,2905.17
2026-05-04 21:30:03 CST,2026-05-07 00:47:42 CST,MUSDT,LONG,3.72527835,3.8866,2.0,0.0,BREAKEVEN,3077.66
2026-05-04 21:30:03 CST,2026-05-07 03:02:42 CST,MUSDT,LONG,3.83522612,3.9011,2.0,0.0,BREAKEVEN,3212.66
2026-05-04 21:30:03 CST,2026-05-07 05:07:41 CST,MUSDT,LONG,3.88987537,3.9149,2.0,0.0,BREAKEVEN,3337.63
2026-05-04 21:30:03 CST,2026-05-07 08:30:07 CST,MUSDT,LONG,3.87329507,3.8104,2.0,-0.014,LOSS,3540.06
2026-05-04 21:30:03 CST,2026-05-07 11:20:12 CST,MUSDT,LONG,3.87329507,3.7666,2.0,0.0,BREAKEVEN,3710.15
2026-05-04 21:30:03 CST,2026-05-07 15:15:15 CST,MUSDT,LONG,3.89036502,3.8719,2.0,0.0,BREAKEVEN,3945.21
2026-05-04 21:30:03 CST,2026-05-07 20:02:42 CST,MUSDT,LONG,3.88852167,3.9261,2.0,0.0,BREAKEVEN,4232.65
2026-05-04 21:30:03 CST,2026-05-08 09:00:15 CST,MUSDT,LONG,3.92430722,3.7399,2.0,0.0,BREAKEVEN,5010.2
2026-05-04 21:30:03 CST,2026-05-05 05:12:32 CST,GENIUSUSDT,SHORT,0.54961613,0.5401,13.0,0.169,WIN,462.48
2026-05-04 21:30:03 CST,2026-05-05 11:15:04 CST,GENIUSUSDT,SHORT,0.54480806,0.5272,18.0,0.2304,WIN,825.01
2026-05-04 21:30:03 CST,2026-05-05 13:52:42 CST,GENIUSUSDT,SHORT,0.54480806,0.5125,11.0,0.0,BREAKEVEN,982.65
2026-05-04 21:30:03 CST,2026-05-06 00:50:03 CST,GENIUSUSDT,SHORT,0.5245411,0.5218,15.0,-0.0155,LOSS,1639.99
2026-05-04 21:30:03 CST,2026-05-06 03:05:06 CST,GENIUSUSDT,SHORT,0.52136294,0.5188,16.0,-0.0162,LOSS,1775.05
2026-05-04 21:30:03 CST,2026-05-06 06:30:04 CST,GENIUSUSDT,SHORT,0.52077776,0.5391,12.0,-0.2304,LOSS,1980.02
2026-05-04 21:30:03 CST,2026-05-06 08:20:06 CST,GENIUSUSDT,SHORT,0.52794117,0.5391,16.0,-0.0496,LOSS,2090.04
2026-05-04 21:30:03 CST,2026-05-06 08:57:03 CST,GENIUSUSDT,SHORT,0.53757941,0.5728,9.0,-0.2055,LOSS,2126.99
2026-05-04 21:30:03 CST,2026-05-06 08:57:03 CST,GENIUSUSDT,SHORT,0.53757941,0.5728,5.0,-0.1141,LOSS,2126.99
2026-05-04 21:30:03 CST,2026-05-06 09:47:17 CST,GENIUSUSDT,SHORT,0.55078764,0.5938,12.0,-0.2784,LOSS,2177.22
2026-05-04 21:30:03 CST,2026-05-06 13:35:03 CST,GENIUSUSDT,SHORT,0.56609928,0.5891,9.0,-0.0162,LOSS,2405.0
2026-05-04 21:30:03 CST,2026-05-06 13:35:03 CST,GENIUSUSDT,SHORT,0.56609928,0.5891,4.0,-0.0072,LOSS,2405.0
2026-05-04 21:30:03 CST,2026-05-06 15:42:36 CST,GENIUSUSDT,SHORT,0.57706432,0.5968,9.0,-0.0666,LOSS,2532.54
2026-05-04 21:30:03 CST,2026-05-06 15:42:36 CST,GENIUSUSDT,SHORT,0.57706432,0.5968,7.0,-0.0518,LOSS,2532.54
2026-05-04 21:30:03 CST,2026-05-06 17:30:06 CST,GENIUSUSDT,SHORT,0.5892517,0.6038,3.0,-0.0025,LOSS,2640.05
2026-05-04 21:30:03 CST,2026-05-06 17:30:06 CST,GENIUSUSDT,SHORT,0.5892517,0.6038,9.0,-0.0075,LOSS,2640.05
2026-05-04 21:30:03 CST,2026-05-06 17:30:06 CST,GENIUSUSDT,SHORT,0.5892517,0.6039,4.0,-0.0037,LOSS,2640.05
2026-05-04 21:30:03 CST,2026-05-06 19:32:36 CST,GENIUSUSDT,SHORT,0.59722737,0.607,16.0,-0.0128,LOSS,2762.55
2026-05-04 21:30:03 CST,2026-05-07 01:00:03 CST,GENIUSUSDT,SHORT,0.5999439,0.6055,16.0,-0.04,LOSS,3089.99
2026-05-04 21:30:03 CST,2026-05-07 02:47:37 CST,GENIUSUSDT,SHORT,0.60044089,0.61,16.0,-0.144,LOSS,3197.56
2026-05-04 21:30:03 CST,2026-05-07 04:50:06 CST,GENIUSUSDT,SHORT,0.60553047,0.6154,9.0,-0.0373,LOSS,3320.04
2026-05-04 21:30:03 CST,2026-05-07 04:50:06 CST,GENIUSUSDT,SHORT,0.60553047,0.6154,7.0,-0.029,LOSS,3320.04
2026-05-04 21:30:03 CST,2026-05-07 11:05:02 CST,GENIUSUSDT,SHORT,0.61326089,0.5891,9.0,0.3069,WIN,3694.98
2026-05-04 21:30:03 CST,2026-05-07 11:05:02 CST,GENIUSUSDT,SHORT,0.61326089,0.5892,5.0,0.17,WIN,3694.98
2026-05-04 21:30:03 CST,2026-05-07 18:05:02 CST,GENIUSUSDT,SHORT,0.60320871,0.5638,16.0,0.4496,WIN,4114.98
2026-05-04 21:30:03 CST,2026-05-07 21:07:35 CST,GENIUSUSDT,SHORT,0.58450448,0.5651,17.0,-0.0068,LOSS,4297.53
2026-05-04 21:30:03 CST,2026-05-07 21:22:41 CST,GENIUSUSDT,SHORT,0.58450448,0.5563,9.0,0.0,BREAKEVEN,4312.63
2026-05-04 21:30:03 CST,2026-05-07 21:27:46 CST,GENIUSUSDT,SHORT,0.57025224,0.5575,9.0,0.0,BREAKEVEN,4317.71
2026-05-04 21:30:03 CST,2026-05-08 06:15:02 CST,GENIUSUSDT,SHORT,0.56267393,0.548,10.0,0.126,WIN,4844.98
2026-05-04 21:30:03 CST,2026-05-08 06:22:41 CST,GENIUSUSDT,SHORT,0.56267393,0.5433,10.0,0.0,BREAKEVEN,4852.62
2026-05-04 21:30:03 CST,2026-05-08 08:42:42 CST,GENIUSUSDT,SHORT,0.55079953,0.5398,10.0,0.0,BREAKEVEN,4992.64
2026-05-04 21:30:03 CST,2026-05-08 12:40:06 CST,GENIUSUSDT,SHORT,0.54401711,0.5509,10.0,-0.048,LOSS,5230.05
2026-05-04 21:30:03 CST,2026-05-08 12:40:06 CST,GENIUSUSDT,SHORT,0.54401711,0.5509,1.0,-0.0048,LOSS,5230.05
2026-05-04 21:30:10 CST,2026-05-05 00:10:04 CST,TAGUSDT,SHORT,0.0013267,0.0013268,7501.0,-0.0008,LOSS,159.89
2026-05-05 01:27:41 CST,2026-05-05 02:35:06 CST,TAGUSDT,SHORT,0.0014479,0.0015048,4945.0,-0.2814,LOSS,67.42
2026-05-05 01:27:41 CST,2026-05-05 02:35:06 CST,TAGUSDT,SHORT,0.0014479,0.0015055,298.0,-0.0172,LOSS,67.42
2026-05-05 03:07:44 CST,2026-05-05 03:14:14 CST,TAGUSDT,SHORT,0.0015063,0.0015673,4482.0,-0.2734,LOSS,6.5
2026-05-05 08:42:44 CST,2026-05-05 08:42:46 CST,TAGUSDT,LONG,0.0012761,0.0012748,4203.0,-0.0055,LOSS,0.04
2026-05-05 08:45:13 CST,2026-05-05 12:29:38 CST,TAGUSDT,LONG,0.0012804,0.0014084,5266.0,0.674,WIN,224.41
2026-05-05 12:30:12 CST,2026-05-05 18:32:32 CST,TAGUSDT,SHORT,0.0014243,0.0013277,4092.0,0.3953,WIN,362.34
2026-05-05 19:40:10 CST,2026-05-05 22:10:04 CST,TAGUSDT,SHORT,0.00134505,0.0013475,651.0,-0.0016,LOSS,149.9
2026-05-05 19:40:10 CST,2026-05-05 22:10:04 CST,TAGUSDT,SHORT,0.00134505,0.0013475,681.0,-0.0017,LOSS,149.9
2026-05-05 19:40:10 CST,2026-05-05 22:10:04 CST,TAGUSDT,SHORT,0.00134505,0.0013478,2973.0,-0.0082,LOSS,149.9
2026-05-05 22:22:42 CST,2026-05-06 02:32:33 CST,TAGUSDT,SHORT,0.001387,0.0013886,216.0,-0.0003,LOSS,249.85
2026-05-05 22:22:42 CST,2026-05-06 02:32:33 CST,TAGUSDT,SHORT,0.001387,0.0013887,4583.0,-0.0078,LOSS,249.85
2026-05-06 03:20:11 CST,2026-05-06 03:28:36 CST,TAGUSDT,SHORT,0.0013817,0.0014401,7235.0,-0.4225,LOSS,8.4
2026-05-06 03:57:42 CST,2026-05-06 04:19:18 CST,TAGUSDT,SHORT,0.0014621,0.0015241,4236.0,-0.2626,LOSS,21.59
2026-05-06 06:15:10 CST,2026-05-06 12:17:32 CST,TAGUSDT,SHORT,0.0014625,0.0013674,4493.0,0.4273,WIN,362.37
2026-05-06 12:55:11 CST,2026-05-06 13:29:05 CST,TAGUSDT,SHORT,0.0014336,0.0015041,3964.0,-0.2795,LOSS,33.9
2026-05-06 13:52:42 CST,2026-05-06 19:35:02 CST,TAGUSDT,SHORT,0.0015168,0.0015267,3708.0,-0.0367,LOSS,342.35
2026-05-06 20:02:40 CST,2026-05-06 21:55:06 CST,TAGUSDT,SHORT,0.0015032,0.0015098,6650.0,-0.0439,LOSS,112.42
2026-05-06 22:17:43 CST,2026-05-07 01:40:44 CST,TAGUSDT,SHORT,0.0015083,0.0013575,6053.0,0.9128,WIN,203.03
2026-05-07 04:05:12 CST,2026-05-07 05:10:09 CST,TAGUSDT,SHORT,0.0013634,0.0014183,7330.0,-0.4024,LOSS,64.95
2026-05-07 05:27:42 CST,2026-05-07 05:53:13 CST,TAGUSDT,SHORT,0.00141283,0.0014741,4510.0,-0.2763,LOSS,25.51
2026-05-07 06:17:43 CST,2026-05-07 10:32:34 CST,TAGUSDT,SHORT,0.001475,0.00149,6696.0,-0.1004,LOSS,254.84
2026-05-07 10:47:41 CST,2026-05-07 14:46:00 CST,TAGUSDT,SHORT,0.001474,0.0013266,6212.0,0.9156,WIN,238.31
2026-05-07 14:47:43 CST,2026-05-07 20:50:02 CST,TAGUSDT,LONG,0.001336,0.001407,4046.0,0.2873,WIN,362.31
2026-05-07 21:27:43 CST,2026-05-07 21:27:45 CST,TAGUSDT,LONG,0.0013891,0.0013887,8.0,-0.0,LOSS,0.04
2026-05-07 21:27:43 CST,2026-05-07 21:27:45 CST,TAGUSDT,LONG,0.0013891,0.0013886,3819.0,-0.0019,LOSS,0.04
2026-05-07 22:42:41 CST,2026-05-08 00:50:04 CST,TAGUSDT,SHORT,0.00140336,0.0014092,5058.0,-0.0295,LOSS,127.38
2026-05-08 01:02:40 CST,2026-05-08 01:59:04 CST,TAGUSDT,SHORT,0.0014089,0.0014656,3800.0,-0.2155,LOSS,56.39
2026-05-08 01:02:40 CST,2026-05-08 01:59:04 CST,TAGUSDT,SHORT,0.0014089,0.0014656,150.0,-0.0085,LOSS,56.39
2026-05-08 03:30:11 CST,2026-05-08 06:45:04 CST,TAGUSDT,SHORT,0.00146017,0.0014607,19.0,-0.0,LOSS,194.88
2026-05-08 03:30:11 CST,2026-05-08 06:45:04 CST,TAGUSDT,SHORT,0.00146017,0.0014607,4564.0,-0.0024,LOSS,194.88
2026-05-04 21:55:09 CST,2026-05-05 03:57:32 CST,CYSUSDT,SHORT,0.5151,0.5086,11.0,0.0715,WIN,362.39
2026-05-04 21:55:09 CST,2026-05-05 03:57:32 CST,CYSUSDT,SHORT,0.5151,0.5087,2.0,0.0128,WIN,362.39
2026-05-05 04:20:11 CST,2026-05-05 08:32:33 CST,CYSUSDT,SHORT,0.5093,0.51,11.0,-0.0077,LOSS,252.37
2026-05-05 04:20:11 CST,2026-05-05 08:32:33 CST,CYSUSDT,SHORT,0.5093,0.5101,1.0,-0.0008,LOSS,252.37
2026-05-05 10:17:42 CST,2026-05-05 11:50:06 CST,CYSUSDT,SHORT,0.5088,0.5128,11.0,-0.044,LOSS,92.4
2026-05-06 00:32:41 CST,2026-05-06 00:32:43 CST,CYSUSDT,LONG,0.5023,0.5021,10.0,-0.002,LOSS,0.04
2026-05-06 00:45:14 CST,2026-05-06 02:17:36 CST,CYSUSDT,LONG,0.4973,0.4955,14.0,-0.0252,LOSS,92.36
2026-05-06 04:20:11 CST,2026-05-06 05:52:34 CST,CYSUSDT,SHORT,0.5062,0.511,12.0,-0.0576,LOSS,92.38
2026-05-06 07:07:39 CST,2026-05-06 08:40:06 CST,CYSUSDT,LONG,0.5074,0.4891,19.0,-0.3477,LOSS,92.45
2026-05-06 08:52:41 CST,2026-05-06 08:52:44 CST,CYSUSDT,LONG,0.4842,0.4824,11.0,-0.0198,LOSS,0.04
2026-05-06 08:57:41 CST,2026-05-06 10:30:07 CST,CYSUSDT,LONG,0.4807,0.4633,6.0,-0.1044,LOSS,92.43
2026-05-06 08:57:41 CST,2026-05-06 10:30:07 CST,CYSUSDT,LONG,0.4807,0.4633,8.0,-0.1392,LOSS,92.43
2026-05-06 12:05:11 CST,2026-05-06 18:07:32 CST,CYSUSDT,SHORT,0.4747,0.4708,20.0,0.078,WIN,362.36
2026-05-06 19:27:43 CST,2026-05-06 21:00:08 CST,CYSUSDT,SHORT,0.4708,0.4754,21.0,-0.0966,LOSS,92.43
2026-05-06 22:45:14 CST,2026-05-07 00:17:37 CST,CYSUSDT,LONG,0.4618,0.4609,21.0,-0.0189,LOSS,92.39
2026-05-07 01:57:44 CST,2026-05-07 08:00:04 CST,CYSUSDT,SHORT,0.4639,0.4514,21.0,0.2625,WIN,362.33
2026-05-07 09:37:43 CST,2026-05-07 11:10:06 CST,CYSUSDT,LONG,0.4453,0.4408,2.0,-0.009,LOSS,92.4
2026-05-07 09:37:43 CST,2026-05-07 11:10:06 CST,CYSUSDT,LONG,0.4453,0.4408,12.0,-0.054,LOSS,92.4
2026-05-07 12:02:43 CST,2026-05-07 13:35:06 CST,CYSUSDT,LONG,0.4343,0.4319,23.0,-0.0552,LOSS,92.38
2026-05-07 14:00:14 CST,2026-05-07 20:02:32 CST,CYSUSDT,SHORT,0.4331,0.4153,15.0,0.267,WIN,362.31
2026-05-08 01:45:14 CST,2026-05-08 03:17:36 CST,CYSUSDT,LONG,0.4245,0.4196,13.0,-0.0637,LOSS,92.37
2026-05-08 01:45:14 CST,2026-05-08 03:17:36 CST,CYSUSDT,LONG,0.4245,0.4195,3.0,-0.015,LOSS,92.37
2026-05-08 05:32:43 CST,2026-05-08 08:17:33 CST,CYSUSDT,LONG,0.417,0.4164,18.0,-0.0108,LOSS,164.84
2026-05-04 21:55:10 CST,2026-05-04 23:52:34 CST,LABUSDT,LONG,1.6235,1.6243,4.0,0.0032,WIN,117.4
2026-05-05 00:35:11 CST,2026-05-05 01:42:00 CST,LABUSDT,SHORT,1.7127,1.8112,3.0,-0.2955,LOSS,66.81
2026-05-05 03:27:40 CST,2026-05-05 03:32:37 CST,LABUSDT,SHORT,2.5267,2.274,2.0,0.5054,WIN,4.95
2026-05-05 03:55:09 CST,2026-05-05 04:22:21 CST,LABUSDT,SHORT,2.584,2.6904,2.0,-0.2128,LOSS,27.19
2026-05-05 04:47:40 CST,2026-05-05 05:07:29 CST,LABUSDT,SHORT,2.7725,2.4952,2.0,0.5546,WIN,19.81
2026-05-05 07:27:39 CST,2026-05-05 07:40:25 CST,LABUSDT,SHORT,2.5168,2.6263,2.0,-0.219,LOSS,12.76
2026-05-05 07:55:09 CST,2026-05-05 09:21:36 CST,LABUSDT,SHORT,2.5644,2.308,2.0,0.5128,WIN,86.44
2026-05-05 10:35:11 CST,2026-05-05 10:53:20 CST,LABUSDT,SHORT,2.5273,2.6412,2.0,-0.2278,LOSS,18.14
2026-05-05 11:10:11 CST,2026-05-05 12:17:37 CST,LABUSDT,SHORT,2.5817,2.7058,2.0,-0.2482,LOSS,67.42
2026-05-05 12:30:13 CST,2026-05-05 15:05:04 CST,LABUSDT,SHORT,2.6973,2.7175,2.0,-0.0404,LOSS,154.85
2026-05-05 15:17:41 CST,2026-05-05 16:10:36 CST,LABUSDT,SHORT,2.7038,2.8277,3.0,-0.3717,LOSS,52.9
2026-05-05 17:07:40 CST,2026-05-05 17:40:35 CST,LABUSDT,SHORT,2.8473,2.5626,2.0,0.5694,WIN,32.91
2026-05-05 17:47:41 CST,2026-05-05 21:14:16 CST,LABUSDT,LONG,2.5867,2.8454,3.0,0.7761,WIN,206.59
2026-05-05 21:15:10 CST,2026-05-06 00:55:03 CST,LABUSDT,SHORT,2.8217,2.8449,2.0,-0.0464,LOSS,219.89
2026-05-06 01:10:12 CST,2026-05-06 02:10:53 CST,LABUSDT,SHORT,2.7849,2.9212,3.0,-0.4089,LOSS,60.68
2026-05-06 02:32:41 CST,2026-05-06 03:56:02 CST,LABUSDT,SHORT,3.2475,3.3902,2.0,-0.2854,LOSS,83.35
2026-05-06 04:30:12 CST,2026-05-06 06:02:36 CST,LABUSDT,SHORT,3.3196,3.352,2.0,-0.0648,LOSS,92.39
2026-05-06 06:47:39 CST,2026-05-06 07:18:24 CST,LABUSDT,SHORT,3.4166,3.577,2.0,-0.3208,LOSS,30.74
2026-05-06 07:32:41 CST,2026-05-06 07:57:42 CST,LABUSDT,SHORT,3.6686,3.3017,2.0,0.7338,WIN,25.01
2026-05-06 08:15:11 CST,2026-05-06 08:20:51 CST,LABUSDT,LONG,2.9144,2.7927,3.0,-0.3651,LOSS,5.65
2026-05-06 08:35:12 CST,2026-05-06 08:35:36 CST,LABUSDT,LONG,2.794,2.6407,2.0,-0.3066,LOSS,0.39
2026-05-06 08:57:42 CST,2026-05-06 09:05:18 CST,LABUSDT,LONG,2.2953,2.5248,3.0,0.6885,WIN,7.6
2026-05-06 09:35:11 CST,2026-05-06 10:09:01 CST,LABUSDT,SHORT,3.7221,3.8796,2.0,-0.315,LOSS,33.82
2026-05-06 11:07:42 CST,2026-05-06 11:47:38 CST,LABUSDT,SHORT,4.1331,4.3049,2.0,-0.3436,LOSS,39.93
2026-05-06 12:05:13 CST,2026-05-06 16:04:28 CST,LABUSDT,SHORT,4.2926,4.4916,2.0,-0.398,LOSS,239.24
2026-05-06 16:17:41 CST,2026-05-06 17:50:07 CST,LABUSDT,SHORT,4.3148,4.3369,2.0,-0.0442,LOSS,92.44
2026-05-06 18:22:41 CST,2026-05-06 18:24:28 CST,LABUSDT,SHORT,4.4153,4.6101,2.0,-0.3896,LOSS,1.78
2026-05-06 18:37:41 CST,2026-05-06 19:05:39 CST,LABUSDT,SHORT,4.507,4.687,2.0,-0.36,LOSS,27.97
2026-05-06 19:32:43 CST,2026-05-06 21:45:05 CST,LABUSDT,SHORT,4.5741,4.6111,2.0,-0.074,LOSS,132.37
2026-05-06 21:57:41 CST,2026-05-07 00:50:40 CST,LABUSDT,SHORT,4.5752,4.1177,2.0,0.915,WIN,172.99
2026-05-07 00:52:43 CST,2026-05-07 01:28:28 CST,LABUSDT,LONG,4.1929,4.6122,2.0,0.8386,WIN,35.75
2026-05-07 01:30:12 CST,2026-05-07 03:07:35 CST,LABUSDT,SHORT,4.6983,4.6911,2.0,0.0144,WIN,97.38
2026-05-07 05:15:11 CST,2026-05-07 06:17:24 CST,LABUSDT,SHORT,4.6498,4.1848,2.0,0.93,WIN,62.22
2026-05-07 06:32:44 CST,2026-05-07 06:35:09 CST,LABUSDT,LONG,3.8742,3.6915,2.0,-0.3654,LOSS,2.41
2026-05-07 06:57:43 CST,2026-05-07 07:00:04 CST,LABUSDT,LONG,3.1928,3.5121,2.0,0.6386,WIN,2.34
2026-05-07 08:40:11 CST,2026-05-07 08:51:06 CST,LABUSDT,SHORT,3.7585,3.95,2.0,-0.383,LOSS,10.91
2026-05-07 09:05:12 CST,2026-05-07 10:20:20 CST,LABUSDT,SHORT,4.2132,3.7919,2.0,0.8426,WIN,75.13
2026-05-07 11:30:13 CST,2026-05-07 13:07:35 CST,LABUSDT,SHORT,4.2034,4.2132,2.0,-0.0196,LOSS,97.37
2026-05-07 13:22:43 CST,2026-05-07 14:07:40 CST,LABUSDT,SHORT,4.1745,4.3395,2.0,-0.33,LOSS,44.95
2026-05-07 14:45:13 CST,2026-05-07 17:17:35 CST,LABUSDT,SHORT,4.3359,4.4256,2.0,-0.1794,LOSS,152.37
2026-05-07 17:37:43 CST,2026-05-07 19:42:34 CST,LABUSDT,SHORT,4.5138,4.5288,2.0,-0.03,LOSS,124.85
2026-05-07 19:55:12 CST,2026-05-07 20:25:37 CST,LABUSDT,SHORT,4.5393,4.7509,2.0,-0.4232,LOSS,30.41
2026-05-04 22:05:09 CST,2026-05-05 04:07:32 CST,FIGHTUSDT,LONG,0.004202,0.004537,1308.0,0.4382,WIN,362.37
2026-05-05 06:35:13 CST,2026-05-05 08:07:34 CST,FIGHTUSDT,SHORT,0.004445,0.004493,1146.0,-0.055,LOSS,92.35
2026-05-05 08:37:40 CST,2026-05-05 10:10:06 CST,FIGHTUSDT,SHORT,0.00451066,0.004621,1399.0,-0.1544,LOSS,92.44
2026-05-05 12:37:42 CST,2026-05-05 14:10:06 CST,FIGHTUSDT,SHORT,0.004608,0.004635,1092.0,-0.0295,LOSS,92.4
2026-05-05 14:35:10 CST,2026-05-05 20:37:32 CST,FIGHTUSDT,SHORT,0.004757,0.004587,2007.0,0.3412,WIN,362.36
2026-05-05 14:35:10 CST,2026-05-05 20:37:32 CST,FIGHTUSDT,SHORT,0.004757,0.004587,26.0,0.0044,WIN,362.36
2026-05-05 22:02:42 CST,2026-05-06 00:22:35 CST,FIGHTUSDT,SHORT,0.004648,0.004657,1086.0,-0.0098,LOSS,139.88
2026-05-06 04:57:39 CST,2026-05-06 11:00:06 CST,FIGHTUSDT,SHORT,0.004759,0.004424,102.0,0.0342,WIN,362.45
2026-05-06 04:57:39 CST,2026-05-06 11:00:06 CST,FIGHTUSDT,SHORT,0.004759,0.004424,1315.0,0.4405,WIN,362.45
2026-05-06 12:00:12 CST,2026-05-06 18:02:32 CST,FIGHTUSDT,SHORT,0.004435,0.004417,1531.0,0.0276,WIN,362.33
2026-05-06 20:20:12 CST,2026-05-07 02:22:32 CST,FIGHTUSDT,SHORT,0.004363,0.004319,2292.0,0.1008,WIN,362.34
2026-05-07 02:25:14 CST,2026-05-07 03:57:36 CST,FIGHTUSDT,SHORT,0.004302,0.004331,2011.0,-0.0583,LOSS,92.37
2026-05-07 04:22:42 CST,2026-05-07 05:55:06 CST,FIGHTUSDT,SHORT,0.004362,0.004456,1795.0,-0.1687,LOSS,92.4
2026-05-07 04:22:42 CST,2026-05-07 05:55:06 CST,FIGHTUSDT,SHORT,0.004362,0.004457,284.0,-0.027,LOSS,92.4
2026-05-07 08:07:44 CST,2026-05-07 09:55:06 CST,FIGHTUSDT,SHORT,0.004441,0.004451,2155.0,-0.0215,LOSS,107.37
2026-05-07 11:35:13 CST,2026-05-07 13:07:36 CST,FIGHTUSDT,SHORT,0.004432,0.004481,1334.0,-0.0654,LOSS,92.38
2026-05-07 14:10:12 CST,2026-05-07 20:02:33 CST,FIGHTUSDT,SHORT,0.004491,0.004501,1296.0,-0.013,LOSS,352.35
2026-05-07 20:22:41 CST,2026-05-07 21:55:05 CST,FIGHTUSDT,SHORT,0.00449061,0.004519,1770.0,-0.0503,LOSS,92.4
2026-05-07 20:22:41 CST,2026-05-07 21:55:05 CST,FIGHTUSDT,SHORT,0.00449061,0.00452,456.0,-0.0134,LOSS,92.4
2026-05-07 22:40:11 CST,2026-05-08 02:45:03 CST,FIGHTUSDT,SHORT,0.004548,0.004553,2198.0,-0.011,LOSS,244.86
2026-05-08 02:57:43 CST,2026-05-08 04:30:10 CST,FIGHTUSDT,SHORT,0.00454362,0.004579,1747.0,-0.0618,LOSS,92.44
2026-05-08 02:57:43 CST,2026-05-08 04:30:10 CST,FIGHTUSDT,SHORT,0.00454362,0.004579,86.0,-0.003,LOSS,92.44
2026-05-08 02:57:43 CST,2026-05-08 04:30:10 CST,FIGHTUSDT,SHORT,0.00454362,0.00458,37.0,-0.0013,LOSS,92.44
2026-05-08 05:20:11 CST,2026-05-08 06:52:35 CST,FIGHTUSDT,SHORT,0.004615,0.004696,1702.0,-0.1379,LOSS,92.41
2026-05-08 07:05:11 CST,2026-05-08 08:37:34 CST,FIGHTUSDT,SHORT,0.00475,0.004764,2103.0,-0.0294,LOSS,92.4
2026-05-08 11:10:11 CST,2026-05-08 12:42:37 CST,FIGHTUSDT,SHORT,0.00485,0.004871,1035.0,-0.0217,LOSS,92.43
2026-05-04 22:12:39 CST,2026-05-05 04:15:02 CST,BLESSUSDT,SHORT,0.0062,0.006063,1110.0,0.1521,WIN,362.39
2026-05-05 04:47:42 CST,2026-05-05 06:20:05 CST,BLESSUSDT,SHORT,0.006079,0.006086,923.0,-0.0065,LOSS,92.38
2026-05-05 08:32:41 CST,2026-05-05 10:05:06 CST,BLESSUSDT,SHORT,0.00609,0.00613,1275.0,-0.051,LOSS,92.42
2026-05-05 10:17:42 CST,2026-05-05 12:55:06 CST,BLESSUSDT,SHORT,0.006142,0.006171,946.0,-0.0274,LOSS,157.41
2026-05-05 13:10:11 CST,2026-05-05 14:55:06 CST,BLESSUSDT,SHORT,0.006172,0.006175,842.0,-0.0025,LOSS,104.91
2026-05-05 13:10:11 CST,2026-05-05 14:55:06 CST,BLESSUSDT,SHORT,0.006172,0.006177,294.0,-0.0015,LOSS,104.91
2026-05-05 15:37:40 CST,2026-05-05 17:10:06 CST,BLESSUSDT,SHORT,0.006218,0.006297,849.0,-0.0671,LOSS,92.42
2026-05-05 20:22:41 CST,2026-05-06 02:25:02 CST,BLESSUSDT,SHORT,0.006223,0.006174,851.0,0.0417,WIN,362.35
2026-05-05 20:22:41 CST,2026-05-06 02:25:02 CST,BLESSUSDT,SHORT,0.006223,0.006175,105.0,0.005,WIN,362.35
2026-05-06 02:42:42 CST,2026-05-06 08:45:02 CST,BLESSUSDT,SHORT,0.006201,0.006061,1612.0,0.2257,WIN,362.32
2026-05-06 09:12:43 CST,2026-05-06 15:15:02 CST,BLESSUSDT,LONG,0.005981,0.006422,1186.0,0.523,WIN,362.32
2026-05-06 15:42:42 CST,2026-05-06 21:45:02 CST,BLESSUSDT,SHORT,0.00646853,0.006279,1545.0,0.2928,WIN,362.33
2026-05-06 21:47:42 CST,2026-05-06 23:20:05 CST,BLESSUSDT,SHORT,0.0063,0.006507,1587.0,-0.3285,LOSS,92.39
2026-05-06 23:32:43 CST,2026-05-07 00:41:03 CST,BLESSUSDT,SHORT,0.006543,0.006814,1527.0,-0.4138,LOSS,68.33
2026-05-07 00:52:41 CST,2026-05-07 02:03:41 CST,BLESSUSDT,SHORT,0.006814,0.007095,1467.0,-0.4122,LOSS,70.99
2026-05-07 02:20:13 CST,2026-05-07 03:57:35 CST,BLESSUSDT,SHORT,0.007084,0.007162,832.0,-0.0649,LOSS,97.37
2026-05-07 02:20:13 CST,2026-05-07 03:57:35 CST,BLESSUSDT,SHORT,0.007084,0.007162,574.0,-0.0448,LOSS,97.37
2026-05-07 04:22:43 CST,2026-05-07 05:55:06 CST,BLESSUSDT,SHORT,0.007025,0.007131,1289.0,-0.1366,LOSS,92.39
2026-05-07 07:47:42 CST,2026-05-07 09:20:07 CST,BLESSUSDT,SHORT,0.007125,0.007288,958.0,-0.1562,LOSS,92.41
2026-05-07 09:32:42 CST,2026-05-07 09:44:28 CST,BLESSUSDT,SHORT,0.007261,0.007565,726.0,-0.2207,LOSS,11.75
2026-05-07 09:57:44 CST,2026-05-07 16:00:02 CST,BLESSUSDT,SHORT,0.007481,0.006974,1342.0,0.6804,WIN,362.3
2026-05-07 16:05:12 CST,2026-05-07 17:32:52 CST,BLESSUSDT,LONG,0.006936,0.006655,1442.0,-0.4052,LOSS,87.66
2026-05-07 19:05:12 CST,2026-05-07 20:50:04 CST,BLESSUSDT,SHORT,0.006827,0.00683,1104.0,-0.0033,LOSS,104.87
2026-05-07 21:10:12 CST,2026-05-08 00:07:34 CST,BLESSUSDT,SHORT,0.006936,0.006957,1049.0,-0.022,LOSS,177.36
2026-05-08 00:20:10 CST,2026-05-08 04:27:33 CST,BLESSUSDT,SHORT,0.006992,0.007005,1177.0,-0.0153,LOSS,247.38
2026-05-08 04:42:42 CST,2026-05-08 07:05:04 CST,BLESSUSDT,SHORT,0.00696,0.006976,1140.0,-0.0182,LOSS,142.36
2026-05-08 07:25:11 CST,2026-05-08 08:45:49 CST,BLESSUSDT,SHORT,0.006994,0.007277,1429.0,-0.4044,LOSS,80.63
2026-05-08 09:02:40 CST,2026-05-08 10:35:06 CST,BLESSUSDT,SHORT,0.007268,0.007372,1102.0,-0.1146,LOSS,92.43
2026-05-04 22:15:12 CST,2026-05-04 23:50:06 CST,PROMUSDT,SHORT,2.007,2.007,3.4,0.0,BREAKEVEN,94.9
2026-05-05 22:42:42 CST,2026-05-06 04:45:02 CST,PROMUSDT,SHORT,2.013,1.999,3.4,0.0476,WIN,362.34
2026-05-06 13:15:13 CST,2026-05-06 14:47:35 CST,PROMUSDT,SHORT,2.015,2.067,2.6,-0.1352,LOSS,92.38
2026-05-06 15:02:41 CST,2026-05-06 20:42:32 CST,PROMUSDT,SHORT,2.064,2.067,4.8,-0.0144,LOSS,339.85
2026-05-06 20:57:41 CST,2026-05-06 22:30:06 CST,PROMUSDT,SHORT,2.069,2.125,4.8,-0.2688,LOSS,92.42
2026-05-06 22:45:12 CST,2026-05-07 04:47:32 CST,PROMUSDT,SHORT,2.14667391,2.121,3.7,0.095,WIN,362.33
2026-05-06 22:45:12 CST,2026-05-07 04:47:32 CST,PROMUSDT,SHORT,2.14667391,2.121,0.3,0.0077,WIN,362.33
2026-05-06 22:45:12 CST,2026-05-07 04:47:32 CST,PROMUSDT,SHORT,2.14667391,2.121,0.6,0.0154,WIN,362.33
2026-05-06 22:45:12 CST,2026-05-07 06:25:05 CST,PROMUSDT,SHORT,2.122,2.129,3.7,-0.0259,LOSS,459.88
2026-05-06 22:45:12 CST,2026-05-07 08:37:36 CST,PROMUSDT,SHORT,2.144,2.158,3.0,-0.042,LOSS,592.4
2026-05-06 22:45:12 CST,2026-05-07 14:57:32 CST,PROMUSDT,SHORT,2.169,2.065,4.6,0.4784,WIN,972.33
2026-05-07 15:35:12 CST,2026-05-07 21:37:32 CST,PROMUSDT,SHORT,2.086,2.048,3.1,0.1178,WIN,362.33
2026-05-08 01:17:44 CST,2026-05-08 02:57:37 CST,PROMUSDT,SHORT,2.002,2.011,3.8,-0.0342,LOSS,99.88
2026-05-08 06:00:12 CST,2026-05-08 12:02:32 CST,PROMUSDT,SHORT,2.004,1.991,2.9,0.0377,WIN,362.32
2026-05-04 22:27:39 CST,2026-05-05 00:00:07 CST,EDUUSDT,SHORT,0.047,0.04709,212.0,-0.0191,LOSS,92.46
2026-05-05 01:12:42 CST,2026-05-05 07:15:02 CST,EDUUSDT,SHORT,0.04728,0.04593,111.0,0.1499,WIN,362.34
2026-05-05 01:12:42 CST,2026-05-05 07:15:02 CST,EDUUSDT,SHORT,0.04728,0.04594,76.0,0.1018,WIN,362.34
2026-05-05 09:00:12 CST,2026-05-05 15:02:32 CST,EDUUSDT,SHORT,0.0463494,0.04561,112.0,0.0828,WIN,362.33
2026-05-05 09:00:12 CST,2026-05-05 15:02:32 CST,EDUUSDT,SHORT,0.0463494,0.04562,5.0,0.0036,WIN,362.33
2026-05-05 15:20:12 CST,2026-05-05 16:55:07 CST,EDUUSDT,SHORT,0.04594,0.04598,112.0,-0.0045,LOSS,94.92
2026-05-05 18:52:41 CST,2026-05-05 20:25:05 CST,EDUUSDT,SHORT,0.04593,0.04642,125.0,-0.0612,LOSS,92.4
2026-05-05 20:45:10 CST,2026-05-05 22:27:35 CST,EDUUSDT,SHORT,0.04665,0.04669,112.0,-0.0045,LOSS,102.42
2026-05-06 03:32:41 CST,2026-05-06 05:05:05 CST,EDUUSDT,SHORT,0.0469,0.04696,160.0,-0.0096,LOSS,92.41
2026-05-06 06:20:09 CST,2026-05-06 07:52:35 CST,EDUUSDT,SHORT,0.04656,0.04704,214.0,-0.1027,LOSS,92.44
2026-05-06 08:12:40 CST,2026-05-06 12:02:33 CST,EDUUSDT,SHORT,0.04699,0.04706,213.0,-0.0149,LOSS,229.89
2026-05-06 12:17:42 CST,2026-05-06 14:15:06 CST,EDUUSDT,SHORT,0.04697,0.04696,118.0,0.0012,WIN,117.4
2026-05-06 12:17:42 CST,2026-05-06 14:15:06 CST,EDUUSDT,SHORT,0.04697,0.04697,13.0,0.0,BREAKEVEN,117.4
2026-05-06 14:27:42 CST,2026-05-06 20:30:02 CST,EDUUSDT,SHORT,0.04695,0.04607,212.0,0.1866,WIN,362.34
2026-05-06 22:32:43 CST,2026-05-07 04:35:02 CST,EDUUSDT,LONG,0.04498,0.0469,211.0,0.4051,WIN,362.32
2026-05-06 22:32:43 CST,2026-05-07 04:35:02 CST,EDUUSDT,LONG,0.04498,0.0469,11.0,0.0211,WIN,362.32
2026-05-07 06:17:42 CST,2026-05-07 07:50:06 CST,EDUUSDT,SHORT,0.04789,0.04818,23.0,-0.0067,LOSS,92.4
2026-05-07 06:17:42 CST,2026-05-07 07:50:06 CST,EDUUSDT,SHORT,0.04789,0.04818,106.0,-0.0307,LOSS,92.4
2026-05-07 06:17:42 CST,2026-05-07 07:50:06 CST,EDUUSDT,SHORT,0.04789,0.04818,77.0,-0.0223,LOSS,92.4
2026-05-07 08:35:14 CST,2026-05-07 14:37:32 CST,EDUUSDT,LONG,0.04766,0.05017,128.0,0.3213,WIN,362.3
2026-05-07 14:45:15 CST,2026-05-07 16:17:36 CST,EDUUSDT,SHORT,0.05052537,0.05077,2.0,-0.0005,LOSS,92.36
2026-05-07 14:45:15 CST,2026-05-07 16:17:36 CST,EDUUSDT,SHORT,0.05052537,0.05078,186.0,-0.0474,LOSS,92.36
2026-05-07 17:20:12 CST,2026-05-07 23:22:32 CST,EDUUSDT,SHORT,0.05144,0.05019,163.0,0.2037,WIN,362.33
2026-05-07 23:52:40 CST,2026-05-08 03:27:33 CST,EDUUSDT,SHORT,0.05091,0.05095,110.0,-0.0044,LOSS,214.88
2026-05-08 03:45:13 CST,2026-05-08 05:17:36 CST,EDUUSDT,SHORT,0.05125,0.05128,117.0,-0.0035,LOSS,92.37
2026-05-08 06:02:42 CST,2026-05-08 12:05:02 CST,EDUUSDT,SHORT,0.0519,0.05038,157.0,0.2386,WIN,362.33
2026-05-04 22:32:40 CST,2026-05-05 04:00:03 CST,COLLECTUSDT,LONG,0.03053,0.03044,207.0,-0.0186,LOSS,327.38
2026-05-05 07:20:10 CST,2026-05-05 08:52:35 CST,COLLECTUSDT,SHORT,0.03037,0.03065,323.0,-0.0904,LOSS,92.41
2026-05-05 09:27:41 CST,2026-05-05 11:25:07 CST,COLLECTUSDT,SHORT,0.03076,0.0308,256.0,-0.0102,LOSS,117.42
2026-05-05 16:40:11 CST,2026-05-05 22:42:32 CST,COLLECTUSDT,SHORT,0.03042,0.02995,100.0,0.047,WIN,362.36
2026-05-05 16:40:11 CST,2026-05-05 22:42:32 CST,COLLECTUSDT,SHORT,0.03042,0.02995,139.0,0.0653,WIN,362.36
2026-05-05 23:12:41 CST,2026-05-06 00:45:07 CST,COLLECTUSDT,SHORT,0.03008,0.0303,174.0,-0.0383,LOSS,92.43
2026-05-05 23:12:41 CST,2026-05-06 00:45:07 CST,COLLECTUSDT,SHORT,0.03008,0.03031,32.0,-0.0074,LOSS,92.43
2026-05-06 01:17:41 CST,2026-05-06 02:50:06 CST,COLLECTUSDT,SHORT,0.0306,0.03073,199.0,-0.0259,LOSS,92.42
2026-05-06 21:20:11 CST,2026-05-07 03:22:32 CST,COLLECTUSDT,LONG,0.02915254,0.03129,343.0,0.7331,WIN,362.35
2026-05-07 05:55:12 CST,2026-05-07 11:57:32 CST,COLLECTUSDT,SHORT,0.03164525,0.02995,316.0,0.5357,WIN,362.33
2026-05-07 14:02:42 CST,2026-05-07 15:35:06 CST,COLLECTUSDT,SHORT,0.02992,0.03002,111.0,-0.0111,LOSS,92.39
2026-05-07 14:02:42 CST,2026-05-07 15:35:06 CST,COLLECTUSDT,SHORT,0.02992,0.03003,148.0,-0.0163,LOSS,92.39
2026-05-07 19:12:42 CST,2026-05-08 01:15:03 CST,COLLECTUSDT,SHORT,0.0307,0.02973,240.0,0.2328,WIN,362.35
2026-05-08 07:05:12 CST,2026-05-08 08:37:35 CST,COLLECTUSDT,SHORT,0.03877,0.039,257.0,-0.0591,LOSS,92.38
2026-05-08 09:15:15 CST,2026-05-08 10:47:35 CST,COLLECTUSDT,SHORT,0.03998,0.0405,218.0,-0.1134,LOSS,92.35
2026-05-08 11:15:13 CST,2026-05-08 12:23:10 CST,COLLECTUSDT,SHORT,0.04091,0.0436,148.0,-0.3981,LOSS,67.94
2026-05-08 12:47:42 CST,2026-05-08 13:17:38 CST,COLLECTUSDT,SHORT,0.04344,0.04572,225.0,-0.513,LOSS,29.93
2026-05-04 23:12:38 CST,2026-05-05 01:17:34 CST,APRUSDT,SHORT,0.17152,0.17172,35.0,-0.007,LOSS,124.93
2026-05-05 10:10:13 CST,2026-05-05 11:45:06 CST,APRUSDT,SHORT,0.1714,0.17238,42.0,-0.0412,LOSS,94.89
2026-05-06 00:10:13 CST,2026-05-06 01:42:37 CST,APRUSDT,SHORT,0.17196,0.17352,32.0,-0.0499,LOSS,92.39
2026-05-06 06:02:42 CST,2026-05-06 12:05:03 CST,APRUSDT,SHORT,0.17356789,0.17036,57.0,0.1828,WIN,362.34
2026-05-06 13:22:43 CST,2026-05-06 14:55:06 CST,APRUSDT,LONG,0.16698,0.1634,41.0,-0.1468,LOSS,92.38
2026-05-06 17:00:14 CST,2026-05-06 18:32:36 CST,APRUSDT,SHORT,0.16462167,0.17076,1.0,-0.0061,LOSS,92.37
2026-05-06 17:00:14 CST,2026-05-06 18:32:36 CST,APRUSDT,SHORT,0.16462167,0.17076,59.0,-0.3622,LOSS,92.37
2026-05-06 18:45:11 CST,2026-05-06 20:22:36 CST,APRUSDT,SHORT,0.17175,0.172,31.0,-0.0077,LOSS,97.41
2026-05-06 18:45:11 CST,2026-05-06 20:22:36 CST,APRUSDT,SHORT,0.17175,0.172,27.0,-0.0067,LOSS,97.41
2026-05-06 21:40:11 CST,2026-05-06 23:12:35 CST,APRUSDT,SHORT,0.17232,0.1724,31.0,-0.0025,LOSS,92.4
2026-05-06 21:40:11 CST,2026-05-06 23:12:35 CST,APRUSDT,SHORT,0.17232,0.17243,27.0,-0.003,LOSS,92.4
2026-05-06 23:40:12 CST,2026-05-07 05:42:32 CST,APRUSDT,SHORT,0.17317,0.16897,30.0,0.126,WIN,362.34
2026-05-06 23:40:12 CST,2026-05-07 05:42:32 CST,APRUSDT,SHORT,0.17317,0.16899,27.0,0.1129,WIN,362.34
2026-05-07 06:00:12 CST,2026-05-07 07:32:36 CST,APRUSDT,LONG,0.16841,0.1682,59.0,-0.0124,LOSS,92.4
2026-05-07 07:45:15 CST,2026-05-07 13:47:32 CST,APRUSDT,SHORT,0.16866,0.15773,1.0,0.0109,WIN,362.28
2026-05-07 07:45:15 CST,2026-05-07 13:47:32 CST,APRUSDT,SHORT,0.16866,0.15773,1.0,0.0109,WIN,362.28
2026-05-07 07:45:15 CST,2026-05-07 13:47:32 CST,APRUSDT,SHORT,0.16866,0.15777,45.0,0.49,WIN,362.28
2026-05-07 07:45:15 CST,2026-05-07 13:47:32 CST,APRUSDT,SHORT,0.16866,0.15777,12.0,0.1307,WIN,362.28
2026-05-07 13:47:42 CST,2026-05-07 15:20:05 CST,APRUSDT,LONG,0.15769,0.15268,47.0,-0.2355,LOSS,92.38
2026-05-07 16:30:12 CST,2026-05-07 19:50:05 CST,APRUSDT,LONG,0.150401,0.1502,60.0,-0.0121,LOSS,199.88
2026-05-08 00:45:14 CST,2026-05-08 01:14:20 CST,APRUSDT,SHORT,0.15316,0.1598,38.0,-0.2523,LOSS,29.1
2026-05-08 01:45:15 CST,2026-05-08 03:17:36 CST,APRUSDT,SHORT,0.15964,0.16294,33.0,-0.1089,LOSS,92.36
2026-05-08 01:45:15 CST,2026-05-08 03:17:36 CST,APRUSDT,SHORT,0.15964,0.16298,11.0,-0.0367,LOSS,92.36
2026-05-08 05:20:10 CST,2026-05-08 06:52:35 CST,APRUSDT,SHORT,0.1616,0.16178,37.0,-0.0067,LOSS,92.41
2026-05-08 05:20:10 CST,2026-05-08 06:52:35 CST,APRUSDT,SHORT,0.1616,0.16181,11.0,-0.0023,LOSS,92.41
2026-05-04 23:12:39 CST,2026-05-05 05:15:02 CST,GRIFFAINUSDT,SHORT,0.01808,0.017352,158.0,0.115,WIN,362.38
2026-05-04 23:12:39 CST,2026-05-05 05:15:02 CST,GRIFFAINUSDT,SHORT,0.01808,0.017357,178.0,0.1287,WIN,362.38
2026-05-05 07:50:09 CST,2026-05-05 13:52:32 CST,GRIFFAINUSDT,SHORT,0.017412,0.017283,436.0,0.0562,WIN,362.38
2026-05-05 14:47:40 CST,2026-05-05 20:32:33 CST,GRIFFAINUSDT,SHORT,0.017474,0.017509,159.0,-0.0056,LOSS,344.88
2026-05-05 14:47:40 CST,2026-05-05 20:32:33 CST,GRIFFAINUSDT,SHORT,0.017474,0.017509,175.0,-0.0061,LOSS,344.88
2026-05-05 20:45:11 CST,2026-05-05 23:03:13 CST,GRIFFAINUSDT,SHORT,0.017485,0.015737,298.0,0.5209,WIN,138.04
2026-05-06 09:07:43 CST,2026-05-06 14:59:52 CST,GRIFFAINUSDT,LONG,0.014368,0.015805,697.0,1.0016,WIN,352.14
2026-05-06 15:07:42 CST,2026-05-06 16:40:06 CST,GRIFFAINUSDT,SHORT,0.015577,0.015741,6.0,-0.001,LOSS,92.41
2026-05-06 15:07:42 CST,2026-05-06 16:40:06 CST,GRIFFAINUSDT,SHORT,0.015577,0.015746,344.0,-0.0581,LOSS,92.41
2026-05-06 15:07:42 CST,2026-05-06 16:40:06 CST,GRIFFAINUSDT,SHORT,0.015577,0.015749,291.0,-0.0501,LOSS,92.41
2026-05-06 18:47:41 CST,2026-05-07 00:50:02 CST,GRIFFAINUSDT,SHORT,0.015398,0.014739,648.0,0.427,WIN,362.34
2026-05-07 01:30:11 CST,2026-05-07 03:50:04 CST,GRIFFAINUSDT,SHORT,0.014885,0.014901,400.0,-0.0064,LOSS,139.89
2026-05-07 01:30:11 CST,2026-05-07 03:50:04 CST,GRIFFAINUSDT,SHORT,0.014885,0.014901,271.0,-0.0043,LOSS,139.89
2026-05-07 05:42:41 CST,2026-05-07 07:15:06 CST,GRIFFAINUSDT,SHORT,0.015023,0.015078,665.0,-0.0366,LOSS,92.42
2026-05-07 07:27:42 CST,2026-05-07 11:15:04 CST,GRIFFAINUSDT,SHORT,0.01513574,0.015187,548.0,-0.0281,LOSS,227.36
2026-05-07 14:22:43 CST,2026-05-07 15:55:05 CST,GRIFFAINUSDT,LONG,0.01449999,0.014381,304.0,-0.0362,LOSS,92.37
2026-05-07 14:22:43 CST,2026-05-07 15:55:05 CST,GRIFFAINUSDT,LONG,0.01449999,0.01438,329.0,-0.0395,LOSS,92.37
2026-05-07 18:10:12 CST,2026-05-07 19:42:35 CST,GRIFFAINUSDT,SHORT,0.014566,0.014642,605.0,-0.046,LOSS,92.39
2026-05-07 20:07:40 CST,2026-05-07 22:57:35 CST,GRIFFAINUSDT,SHORT,0.01467722,0.014681,680.0,-0.0026,LOSS,169.91
2026-05-08 00:42:40 CST,2026-05-08 02:55:06 CST,GRIFFAINUSDT,SHORT,0.014627,0.014683,500.0,-0.028,LOSS,132.42
2026-05-08 03:12:43 CST,2026-05-08 04:45:05 CST,GRIFFAINUSDT,SHORT,0.014647,0.014822,467.0,-0.0817,LOSS,92.37
2026-05-08 07:02:41 CST,2026-05-08 08:35:04 CST,GRIFFAINUSDT,SHORT,0.014927,0.015186,669.0,-0.1733,LOSS,92.38
2026-05-04 23:40:09 CST,2026-05-05 01:12:35 CST,NOMUSDT,SHORT,0.002488,0.002525,3369.0,-0.1247,LOSS,92.43
2026-05-05 03:55:12 CST,2026-05-05 07:55:02 CST,NOMUSDT,LONG,0.002496,0.00249,2972.0,-0.0178,LOSS,239.84
2026-05-05 10:35:12 CST,2026-05-05 12:25:07 CST,NOMUSDT,LONG,0.002471,0.002467,2094.0,-0.0084,LOSS,109.92
2026-05-05 10:35:12 CST,2026-05-05 12:25:07 CST,NOMUSDT,LONG,0.002471,0.002467,382.0,-0.0015,LOSS,109.92
2026-05-05 13:00:13 CST,2026-05-05 18:45:02 CST,NOMUSDT,LONG,0.002453,0.002451,3762.0,-0.0075,LOSS,344.82
2026-05-05 21:02:41 CST,2026-05-06 03:05:02 CST,NOMUSDT,SHORT,0.002514,0.002463,2376.0,0.1212,WIN,362.35
2026-05-06 08:52:45 CST,2026-05-06 08:52:47 CST,NOMUSDT,LONG,0.002444,0.002443,2116.0,-0.0021,LOSS,0.04
2026-05-06 08:52:45 CST,2026-05-06 08:52:47 CST,NOMUSDT,LONG,0.002444,0.002443,65.0,-0.0001,LOSS,0.04
2026-05-06 09:07:44 CST,2026-05-06 15:10:02 CST,NOMUSDT,LONG,0.002441,0.00256,4101.0,0.488,WIN,362.3
2026-05-06 15:10:13 CST,2026-05-06 16:42:37 CST,NOMUSDT,SHORT,0.00256,0.002574,3906.0,-0.0547,LOSS,92.4
2026-05-06 16:55:13 CST,2026-05-06 18:27:35 CST,NOMUSDT,SHORT,0.002581,0.002584,3874.0,-0.0116,LOSS,92.38
2026-05-06 18:42:40 CST,2026-05-07 00:45:02 CST,NOMUSDT,SHORT,0.002595,0.002564,3850.0,0.1193,WIN,362.36
2026-05-07 00:45:13 CST,2026-05-07 01:43:56 CST,NOMUSDT,SHORT,0.002563,0.002667,2195.0,-0.2283,LOSS,58.71
2026-05-07 01:57:43 CST,2026-05-07 04:45:03 CST,NOMUSDT,SHORT,0.002664,0.002658,3760.0,0.0226,WIN,167.35
2026-05-07 04:57:43 CST,2026-05-07 11:00:05 CST,NOMUSDT,SHORT,0.002668,0.002579,567.0,0.0505,WIN,362.38
2026-05-07 04:57:43 CST,2026-05-07 11:00:05 CST,NOMUSDT,SHORT,0.002668,0.002579,3179.0,0.2829,WIN,362.38
2026-05-07 11:10:13 CST,2026-05-07 12:42:36 CST,NOMUSDT,SHORT,0.002597,0.002659,3852.0,-0.2388,LOSS,92.38
2026-05-07 12:55:12 CST,2026-05-07 14:32:36 CST,NOMUSDT,SHORT,0.002651,0.002653,3354.0,-0.0067,LOSS,97.4
2026-05-07 15:27:44 CST,2026-05-07 18:07:36 CST,NOMUSDT,SHORT,0.002666,0.002666,2518.0,0.0,BREAKEVEN,159.87
2026-05-07 19:07:43 CST,2026-05-07 22:40:03 CST,NOMUSDT,LONG,0.002637,0.002633,2946.0,-0.0118,LOSS,212.34
2026-05-07 22:57:44 CST,2026-05-07 22:57:46 CST,NOMUSDT,LONG,0.002612,0.002611,715.0,-0.0007,LOSS,0.04
2026-05-07 22:57:44 CST,2026-05-07 22:57:46 CST,NOMUSDT,LONG,0.002612,0.002611,1338.0,-0.0013,LOSS,0.04
2026-05-07 23:00:15 CST,2026-05-08 00:32:36 CST,NOMUSDT,LONG,0.002608,0.002605,2750.0,-0.0083,LOSS,92.35
2026-05-08 01:02:42 CST,2026-05-08 02:35:06 CST,NOMUSDT,LONG,0.002582,0.00256,2011.0,-0.0442,LOSS,92.4
2026-05-08 01:02:42 CST,2026-05-08 02:35:06 CST,NOMUSDT,LONG,0.002582,0.00256,144.0,-0.0032,LOSS,92.4
2026-05-08 03:12:42 CST,2026-05-08 09:15:04 CST,NOMUSDT,SHORT,0.002587,0.002578,2649.0,0.0238,WIN,362.37
2026-05-08 09:15:15 CST,2026-05-08 11:07:35 CST,NOMUSDT,SHORT,0.002578,0.002579,3374.0,-0.0034,LOSS,112.33
2026-05-08 12:05:13 CST,2026-05-08 13:37:37 CST,NOMUSDT,SHORT,0.002588,0.002643,1225.0,-0.0674,LOSS,92.39
2026-05-08 12:05:13 CST,2026-05-08 13:37:37 CST,NOMUSDT,SHORT,0.002588,0.002643,1493.0,-0.0821,LOSS,92.39
2026-05-04 23:40:12 CST,2026-05-05 01:12:36 CST,ONGUSDT,LONG,0.0749,0.07474,92.0,-0.0147,LOSS,92.4
2026-05-04 23:40:12 CST,2026-05-05 01:12:36 CST,ONGUSDT,LONG,0.0749,0.07473,19.0,-0.0032,LOSS,92.4
2026-05-05 20:45:12 CST,2026-05-05 22:17:35 CST,ONGUSDT,SHORT,0.07491,0.0754,69.0,-0.0338,LOSS,92.37
2026-05-05 23:27:45 CST,2026-05-06 00:29:46 CST,ONGUSDT,LONG,0.07443,0.07136,132.0,-0.4052,LOSS,62.01
2026-05-06 00:45:15 CST,2026-05-06 02:17:36 CST,ONGUSDT,LONG,0.07099,0.06931,80.0,-0.1344,LOSS,92.35
2026-05-06 00:45:15 CST,2026-05-06 02:17:36 CST,ONGUSDT,LONG,0.07099,0.0693,21.0,-0.0355,LOSS,92.35
2026-05-06 02:50:11 CST,2026-05-06 04:22:36 CST,ONGUSDT,SHORT,0.0699,0.07006,114.0,-0.0182,LOSS,92.41
2026-05-06 04:45:11 CST,2026-05-06 06:17:35 CST,ONGUSDT,SHORT,0.07035,0.07051,114.0,-0.0182,LOSS,92.4
2026-05-06 07:47:40 CST,2026-05-06 13:50:02 CST,ONGUSDT,SHORT,0.07079,0.07005,75.0,0.0555,WIN,362.37
2026-05-06 07:47:40 CST,2026-05-06 13:50:02 CST,ONGUSDT,SHORT,0.07079,0.07006,32.0,0.0234,WIN,362.37
2026-05-06 21:12:42 CST,2026-05-06 22:45:06 CST,ONGUSDT,LONG,0.06809,0.06803,146.0,-0.0088,LOSS,92.4
2026-05-07 08:20:14 CST,2026-05-07 09:52:36 CST,ONGUSDT,SHORT,0.06952,0.06999,76.0,-0.0357,LOSS,92.37
2026-05-07 11:05:13 CST,2026-05-07 17:07:32 CST,ONGUSDT,LONG,0.06905486,0.07012,144.0,0.1534,WIN,362.31
2026-05-07 17:22:43 CST,2026-05-07 18:55:06 CST,ONGUSDT,SHORT,0.0709,0.071,72.0,-0.0072,LOSS,92.38
2026-05-07 17:22:43 CST,2026-05-07 18:55:06 CST,ONGUSDT,SHORT,0.0709,0.071,11.0,-0.0011,LOSS,92.38
2026-05-05 00:00:13 CST,2026-05-05 03:20:04 CST,JCTUSDT,LONG,0.00325,0.003246,1992.0,-0.008,LOSS,199.85
2026-05-05 04:40:10 CST,2026-05-05 06:12:35 CST,JCTUSDT,LONG,0.003209,0.003198,1695.0,-0.0186,LOSS,92.41
2026-05-05 11:02:42 CST,2026-05-05 12:35:06 CST,JCTUSDT,SHORT,0.003212,0.00327,1820.0,-0.1056,LOSS,92.41
2026-05-05 12:47:43 CST,2026-05-05 13:08:35 CST,JCTUSDT,SHORT,0.00326,0.003397,2025.0,-0.2774,LOSS,20.86
2026-05-05 13:40:11 CST,2026-05-05 15:12:35 CST,JCTUSDT,SHORT,0.00336274,0.003375,2941.0,-0.0361,LOSS,92.4
2026-05-05 18:42:41 CST,2026-05-05 22:57:32 CST,JCTUSDT,SHORT,0.003301,0.003306,1841.0,-0.0092,LOSS,254.86
2026-05-05 23:37:42 CST,2026-05-06 01:10:06 CST,JCTUSDT,SHORT,0.003335,0.003372,2480.0,-0.0918,LOSS,92.4
2026-05-06 08:30:10 CST,2026-05-06 10:02:36 CST,JCTUSDT,SHORT,0.003379,0.003395,2957.0,-0.0473,LOSS,92.44
2026-05-06 10:20:11 CST,2026-05-06 14:05:04 CST,JCTUSDT,SHORT,0.003398,0.0034,1713.0,-0.0034,LOSS,224.88
2026-05-06 14:20:11 CST,2026-05-06 20:22:32 CST,JCTUSDT,SHORT,0.003398,0.003324,2942.0,0.2177,WIN,362.34
2026-05-06 20:27:41 CST,2026-05-06 21:24:01 CST,JCTUSDT,SHORT,0.003342,0.003008,2987.0,0.9977,WIN,56.33
2026-05-06 21:37:42 CST,2026-05-06 23:10:06 CST,JCTUSDT,LONG,0.002988,0.002959,905.0,-0.0262,LOSS,92.41
2026-05-06 21:37:42 CST,2026-05-06 23:10:06 CST,JCTUSDT,LONG,0.002988,0.002959,2438.0,-0.0707,LOSS,92.41
2026-05-07 00:17:43 CST,2026-05-07 05:52:32 CST,JCTUSDT,SHORT,0.003017,0.003035,2313.0,-0.0416,LOSS,334.82
2026-05-07 06:07:41 CST,2026-05-07 12:10:04 CST,JCTUSDT,SHORT,0.003038,0.002952,1708.0,0.1469,WIN,362.38
2026-05-07 15:17:42 CST,2026-05-07 18:35:05 CST,JCTUSDT,SHORT,0.002944,0.002959,3347.0,-0.0502,LOSS,197.38
2026-05-07 20:47:41 CST,2026-05-07 22:20:06 CST,JCTUSDT,SHORT,0.002946,0.002995,1847.0,-0.0905,LOSS,92.43
2026-05-08 00:12:42 CST,2026-05-08 06:15:02 CST,JCTUSDT,SHORT,0.002986,0.002957,1990.0,0.0577,WIN,362.34
2026-05-08 06:15:12 CST,2026-05-08 07:47:35 CST,JCTUSDT,SHORT,0.002956,0.002993,2810.0,-0.104,LOSS,92.38
2026-05-05 00:02:39 CST,2026-05-05 01:35:05 CST,BANUSDT,SHORT,0.07522,0.07555,73.0,-0.0241,LOSS,92.45
2026-05-05 05:37:41 CST,2026-05-05 07:10:06 CST,BANUSDT,SHORT,0.07549,0.07656,95.0,-0.1017,LOSS,92.42
2026-05-05 07:27:40 CST,2026-05-05 09:00:06 CST,BANUSDT,SHORT,0.07663,0.07728,91.0,-0.0592,LOSS,92.44
2026-05-05 23:30:13 CST,2026-05-06 05:32:32 CST,BANUSDT,SHORT,0.07828,0.07501,94.0,0.3074,WIN,362.32
2026-05-06 08:30:12 CST,2026-05-06 10:02:37 CST,BANUSDT,LONG,0.07297,0.07233,137.0,-0.0877,LOSS,92.42
2026-05-06 12:00:13 CST,2026-05-06 14:27:34 CST,BANUSDT,LONG,0.07151,0.07148,95.0,-0.0029,LOSS,147.36
2026-05-06 16:47:41 CST,2026-05-06 22:50:02 CST,BANUSDT,SHORT,0.07104,0.06898,141.0,0.2905,WIN,362.36
2026-05-06 23:17:43 CST,2026-05-07 00:50:08 CST,BANUSDT,SHORT,0.06913,0.06923,144.0,-0.0144,LOSS,92.42
2026-05-07 01:05:12 CST,2026-05-07 02:37:36 CST,BANUSDT,SHORT,0.06942,0.07073,143.0,-0.1873,LOSS,92.39
2026-05-07 03:50:12 CST,2026-05-07 03:50:15 CST,BANUSDT,LONG,0.0698,0.06978,72.0,-0.0014,LOSS,0.04
2026-05-07 05:10:10 CST,2026-05-07 07:02:01 CST,BANUSDT,SHORT,0.07008,0.07331,115.0,-0.3715,LOSS,111.84
2026-05-07 07:22:43 CST,2026-05-07 08:55:07 CST,BANUSDT,SHORT,0.07217,0.07267,138.0,-0.069,LOSS,92.4
2026-05-07 12:30:12 CST,2026-05-07 18:32:32 CST,BANUSDT,LONG,0.07032,0.07186,138.0,0.2125,WIN,362.33
2026-05-08 07:20:11 CST,2026-05-08 09:05:04 CST,BANUSDT,SHORT,0.07276,0.07281,115.0,-0.0057,LOSS,104.88
2026-05-05 00:02:41 CST,2026-05-05 01:35:06 CST,ONUSDT,LONG,0.13379,0.13301,41.0,-0.032,LOSS,92.42
2026-05-05 03:57:41 CST,2026-05-05 05:30:04 CST,ONUSDT,SHORT,0.13656,0.13709,47.0,-0.0249,LOSS,92.38
2026-05-05 03:57:41 CST,2026-05-05 05:30:04 CST,ONUSDT,SHORT,0.13656,0.13714,17.0,-0.0099,LOSS,92.38
2026-05-05 05:47:40 CST,2026-05-05 07:20:05 CST,ONUSDT,SHORT,0.13718,0.13724,37.0,-0.0022,LOSS,92.42
2026-05-05 09:00:12 CST,2026-05-05 11:52:34 CST,ONUSDT,SHORT,0.13821897,0.13857,39.0,-0.0137,LOSS,172.37
2026-05-05 12:10:10 CST,2026-05-05 13:42:35 CST,ONUSDT,SHORT,0.139,0.13971,38.0,-0.027,LOSS,92.41
2026-05-05 16:52:40 CST,2026-05-05 16:52:42 CST,ONUSDT,LONG,0.13765,0.13765,38.0,0.0,BREAKEVEN,0.04
2026-05-05 19:40:12 CST,2026-05-05 21:12:36 CST,ONUSDT,LONG,0.1358,0.13206,42.0,-0.1571,LOSS,92.39
2026-05-05 21:55:12 CST,2026-05-05 23:27:36 CST,ONUSDT,SHORT,0.13372,0.13421,54.0,-0.0265,LOSS,92.41
2026-05-06 00:30:11 CST,2026-05-06 02:02:35 CST,ONUSDT,SHORT,0.13548254,0.13835,59.0,-0.1692,LOSS,92.41
2026-05-06 03:22:41 CST,2026-05-06 04:55:04 CST,ONUSDT,SHORT,0.13864,0.13868,58.0,-0.0023,LOSS,92.4
2026-05-06 05:45:13 CST,2026-05-06 11:47:32 CST,ONUSDT,SHORT,0.13992,0.13361,1.0,0.0063,WIN,362.32
2026-05-06 05:45:13 CST,2026-05-06 11:47:32 CST,ONUSDT,SHORT,0.13992,0.13363,42.0,0.2642,WIN,362.32
2026-05-06 11:52:43 CST,2026-05-06 13:37:36 CST,ONUSDT,SHORT,0.13406,0.13425,44.0,-0.0084,LOSS,104.89
2026-05-06 16:05:12 CST,2026-05-06 17:37:36 CST,ONUSDT,SHORT,0.13386,0.135,48.0,-0.0547,LOSS,92.41
2026-05-06 16:05:12 CST,2026-05-06 17:37:36 CST,ONUSDT,SHORT,0.13386,0.13506,26.0,-0.0312,LOSS,92.41
2026-05-06 18:25:11 CST,2026-05-06 20:12:35 CST,ONUSDT,SHORT,0.13491,0.13512,74.0,-0.0155,LOSS,107.39
2026-05-06 21:00:14 CST,2026-05-06 22:32:36 CST,ONUSDT,SHORT,0.13557671,0.13621,16.0,-0.0101,LOSS,92.37
2026-05-06 21:00:14 CST,2026-05-06 22:32:36 CST,ONUSDT,SHORT,0.13557671,0.13623,57.0,-0.0372,LOSS,92.37
2026-05-06 22:57:42 CST,2026-05-07 00:30:07 CST,ONUSDT,SHORT,0.13746,0.13977,72.0,-0.1663,LOSS,92.42
2026-05-07 00:45:12 CST,2026-05-07 02:17:37 CST,ONUSDT,SHORT,0.14016,0.14249,40.0,-0.0932,LOSS,92.41
2026-05-07 04:20:12 CST,2026-05-07 05:52:35 CST,ONUSDT,SHORT,0.14232,0.14436,64.0,-0.1306,LOSS,92.38
2026-05-07 06:07:43 CST,2026-05-07 12:10:06 CST,ONUSDT,SHORT,0.14451,0.13539,26.0,0.2371,WIN,362.38
2026-05-07 06:07:43 CST,2026-05-07 12:10:06 CST,ONUSDT,SHORT,0.14451,0.1354,9.0,0.082,WIN,362.38
2026-05-07 13:00:13 CST,2026-05-07 18:32:32 CST,ONUSDT,SHORT,0.13592,0.136,38.0,-0.003,LOSS,332.32
2026-05-07 18:52:42 CST,2026-05-07 20:25:04 CST,ONUSDT,SHORT,0.13656,0.13863,37.0,-0.0766,LOSS,92.37
2026-05-07 21:27:49 CST,2026-05-07 21:27:52 CST,ONUSDT,LONG,0.13648,0.13647,38.0,-0.0004,LOSS,0.04
2026-05-07 22:17:40 CST,2026-05-07 23:50:05 CST,ONUSDT,SHORT,0.13736765,0.13783,51.0,-0.0236,LOSS,92.42
2026-05-08 00:05:12 CST,2026-05-08 01:45:07 CST,ONUSDT,SHORT,0.1393,0.1397,71.0,-0.0284,LOSS,99.91
2026-05-08 02:30:12 CST,2026-05-08 04:42:36 CST,ONUSDT,SHORT,0.1398,0.13986,36.0,-0.0022,LOSS,132.4
2026-05-08 04:55:12 CST,2026-05-08 06:27:36 CST,ONUSDT,SHORT,0.1419,0.14299,55.0,-0.06,LOSS,92.39
2026-05-08 06:45:11 CST,2026-05-08 08:17:35 CST,ONUSDT,SHORT,0.14647,0.15033,39.0,-0.1505,LOSS,92.4
2026-05-08 09:02:41 CST,2026-05-08 10:35:07 CST,ONUSDT,SHORT,0.15331,0.15775,52.0,-0.2309,LOSS,92.43
2026-05-08 10:57:40 CST,2026-05-08 12:26:43 CST,ONUSDT,SHORT,0.15987,0.16627,32.0,-0.2048,LOSS,89.04
2026-05-05 01:35:11 CST,2026-05-05 03:07:36 CST,AIOUSDT,LONG,0.10471,0.10433,79.0,-0.03,LOSS,92.43
2026-05-05 05:25:09 CST,2026-05-05 06:57:36 CST,AIOUSDT,SHORT,0.10538356,0.10698,90.0,-0.1437,LOSS,92.44
2026-05-05 09:32:40 CST,2026-05-05 10:37:13 CST,AIOUSDT,SHORT,0.10621,0.11114,42.0,-0.2071,LOSS,64.54
2026-05-05 09:32:40 CST,2026-05-05 10:37:13 CST,AIOUSDT,SHORT,0.10621,0.11114,17.0,-0.0838,LOSS,64.54
2026-05-05 11:20:12 CST,2026-05-05 17:22:32 CST,AIOUSDT,SHORT,0.11321,0.10975,1.0,0.0035,WIN,362.33
2026-05-05 11:20:12 CST,2026-05-05 17:22:32 CST,AIOUSDT,SHORT,0.11321,0.10977,64.0,0.2202,WIN,362.33
2026-05-05 22:30:12 CST,2026-05-06 00:02:39 CST,AIOUSDT,LONG,0.10735,0.10678,52.0,-0.0296,LOSS,92.44
2026-05-06 01:15:12 CST,2026-05-06 02:47:36 CST,AIOUSDT,SHORT,0.10746,0.10996,50.0,-0.125,LOSS,92.41
2026-05-06 03:05:12 CST,2026-05-06 04:40:05 CST,AIOUSDT,SHORT,0.10996,0.10992,9.0,0.0004,WIN,94.89
2026-05-06 03:05:12 CST,2026-05-06 04:40:05 CST,AIOUSDT,SHORT,0.10996,0.10992,79.0,0.0032,WIN,94.89
2026-05-06 08:42:42 CST,2026-05-06 10:15:06 CST,AIOUSDT,SHORT,0.10995,0.11008,67.0,-0.0087,LOSS,92.4
2026-05-06 15:20:13 CST,2026-05-06 21:22:32 CST,AIOUSDT,SHORT,0.10982,0.10613,91.0,0.3358,WIN,362.32
2026-05-06 23:42:43 CST,2026-05-07 01:15:07 CST,AIOUSDT,SHORT,0.10316,0.10352,96.0,-0.0346,LOSS,92.41
2026-05-07 01:45:14 CST,2026-05-07 03:17:35 CST,AIOUSDT,LONG,0.10174,0.10162,68.0,-0.0082,LOSS,92.35
2026-05-07 04:55:12 CST,2026-05-07 06:27:35 CST,AIOUSDT,SHORT,0.10207701,0.10443,97.0,-0.2282,LOSS,92.38
2026-05-07 06:42:43 CST,2026-05-07 09:05:05 CST,AIOUSDT,SHORT,0.10400534,0.10444,1.0,-0.0004,LOSS,142.37
2026-05-07 06:42:43 CST,2026-05-07 09:05:05 CST,AIOUSDT,SHORT,0.10400534,0.10444,1.0,-0.0004,LOSS,142.37
2026-05-07 06:42:43 CST,2026-05-07 09:05:05 CST,AIOUSDT,SHORT,0.10400534,0.10447,56.0,-0.026,LOSS,142.37
2026-05-07 09:25:13 CST,2026-05-07 12:02:34 CST,AIOUSDT,SHORT,0.10407,0.10412,74.0,-0.0037,LOSS,157.35
2026-05-07 09:25:13 CST,2026-05-07 12:02:34 CST,AIOUSDT,SHORT,0.10407,0.10412,11.0,-0.0006,LOSS,157.35
2026-05-07 13:32:43 CST,2026-05-07 15:05:07 CST,AIOUSDT,SHORT,0.10764,0.10863,56.0,-0.0554,LOSS,92.41
2026-05-07 18:35:12 CST,2026-05-07 20:07:34 CST,AIOUSDT,SHORT,0.10687151,0.1075,93.0,-0.0585,LOSS,92.37
2026-05-07 22:00:12 CST,2026-05-08 00:37:33 CST,AIOUSDT,LONG,0.10593,0.1058,69.0,-0.009,LOSS,157.35
2026-05-08 02:02:41 CST,2026-05-08 03:35:06 CST,AIOUSDT,SHORT,0.10667,0.10739,86.0,-0.0619,LOSS,92.42
2026-05-08 04:10:10 CST,2026-05-08 10:12:32 CST,AIOUSDT,SHORT,0.10793,0.10441,49.0,0.1725,WIN,362.36
2026-05-05 01:47:42 CST,2026-05-05 03:20:06 CST,QUSDT,SHORT,0.010074,0.010126,522.0,-0.0271,LOSS,92.39
2026-05-05 11:47:41 CST,2026-05-05 13:20:05 CST,QUSDT,SHORT,0.010133,0.010149,533.0,-0.0085,LOSS,92.4
2026-05-05 14:10:11 CST,2026-05-05 15:45:05 CST,QUSDT,SHORT,0.010284,0.010287,535.0,-0.0016,LOSS,94.9
2026-05-05 14:10:11 CST,2026-05-05 15:45:05 CST,QUSDT,SHORT,0.010284,0.010287,12.0,-0.0,LOSS,94.9
2026-05-05 17:25:09 CST,2026-05-05 19:07:36 CST,QUSDT,LONG,0.010245,0.010226,835.0,-0.0159,LOSS,102.44
2026-05-05 22:57:41 CST,2026-05-06 02:32:34 CST,QUSDT,SHORT,0.010361,0.010389,624.0,-0.0175,LOSS,214.88
2026-05-06 14:35:11 CST,2026-05-06 19:32:33 CST,QUSDT,SHORT,0.01046554,0.010482,605.0,-0.01,LOSS,297.36
2026-05-06 14:35:11 CST,2026-05-06 19:32:33 CST,QUSDT,SHORT,0.01046554,0.010483,350.0,-0.0061,LOSS,297.36
2026-05-06 20:30:11 CST,2026-05-07 00:47:33 CST,QUSDT,SHORT,0.01049957,0.010513,952.0,-0.0128,LOSS,257.37
2026-05-07 07:15:12 CST,2026-05-07 11:35:04 CST,QUSDT,SHORT,0.010462,0.010502,501.0,-0.02,LOSS,259.87
2026-05-07 11:50:12 CST,2026-05-07 13:22:36 CST,QUSDT,SHORT,0.010498,0.010534,870.0,-0.0313,LOSS,92.39
2026-05-07 17:22:44 CST,2026-05-07 18:55:06 CST,QUSDT,SHORT,0.010482,0.010535,562.0,-0.0298,LOSS,92.37
2026-05-08 00:22:40 CST,2026-05-08 00:56:52 CST,QUSDT,SHORT,0.010879,0.011338,665.0,-0.3052,LOSS,34.19
2026-05-08 07:32:41 CST,2026-05-08 09:15:07 CST,QUSDT,SHORT,0.011221,0.011254,890.0,-0.0294,LOSS,102.43
2026-05-08 10:45:11 CST,2026-05-08 12:47:37 CST,QUSDT,SHORT,0.011731,0.011743,851.0,-0.0102,LOSS,122.43
2026-05-05 03:32:39 CST,2026-05-05 05:05:05 CST,SOLVUSDT,SHORT,0.004348,0.00436,1780.0,-0.0214,LOSS,92.43
2026-05-05 07:07:39 CST,2026-05-05 13:10:03 CST,SOLVUSDT,SHORT,0.00441,0.004351,1832.0,0.1081,WIN,362.4
2026-05-05 07:07:39 CST,2026-05-05 13:10:03 CST,SOLVUSDT,SHORT,0.00441,0.004351,193.0,0.0114,WIN,362.4
2026-05-05 17:07:39 CST,2026-05-05 18:42:36 CST,SOLVUSDT,SHORT,0.004372,0.004373,1567.0,-0.0016,LOSS,94.95
2026-05-06 01:32:43 CST,2026-05-06 03:05:07 CST,SOLVUSDT,SHORT,0.004375,0.004391,1162.0,-0.0186,LOSS,92.39
2026-05-06 08:32:43 CST,2026-05-06 10:07:36 CST,SOLVUSDT,SHORT,0.004406,0.004409,1783.0,-0.0053,LOSS,94.88
2026-05-06 20:07:43 CST,2026-05-06 21:40:06 CST,SOLVUSDT,LONG,0.004298,0.004243,2326.0,-0.1279,LOSS,92.39
2026-05-07 01:22:41 CST,2026-05-07 02:55:05 CST,SOLVUSDT,SHORT,0.004303,0.004343,2086.0,-0.0834,LOSS,92.41
2026-05-07 01:22:41 CST,2026-05-07 02:55:05 CST,SOLVUSDT,SHORT,0.004303,0.004343,239.0,-0.0096,LOSS,92.41
2026-05-07 03:10:10 CST,2026-05-07 05:02:35 CST,SOLVUSDT,SHORT,0.004387,0.004389,1255.0,-0.0025,LOSS,112.4
2026-05-07 03:10:10 CST,2026-05-07 05:02:35 CST,SOLVUSDT,SHORT,0.004387,0.004389,1027.0,-0.0021,LOSS,112.4
2026-05-07 06:02:41 CST,2026-05-07 07:35:05 CST,SOLVUSDT,SHORT,0.004389,0.004412,2188.0,-0.0503,LOSS,92.4
2026-05-07 08:35:13 CST,2026-05-07 10:35:05 CST,SOLVUSDT,SHORT,0.00443583,0.004451,1145.0,-0.0174,LOSS,119.87
2026-05-07 08:35:13 CST,2026-05-07 10:35:05 CST,SOLVUSDT,SHORT,0.00443583,0.004451,233.0,-0.0035,LOSS,119.87
2026-05-07 10:57:40 CST,2026-05-07 12:30:06 CST,SOLVUSDT,SHORT,0.004492,0.004526,1117.0,-0.038,LOSS,92.42
2026-05-07 10:57:40 CST,2026-05-07 12:30:06 CST,SOLVUSDT,SHORT,0.004492,0.004527,919.0,-0.0322,LOSS,92.42
2026-05-07 10:57:40 CST,2026-05-07 12:30:06 CST,SOLVUSDT,SHORT,0.004492,0.004527,190.0,-0.0066,LOSS,92.42
2026-05-07 13:00:15 CST,2026-05-07 19:02:32 CST,SOLVUSDT,SHORT,0.004553,0.004497,490.0,0.0274,WIN,362.29
2026-05-07 13:00:15 CST,2026-05-07 19:02:32 CST,SOLVUSDT,SHORT,0.004553,0.004497,651.0,0.0365,WIN,362.29
2026-05-07 23:52:43 CST,2026-05-08 03:22:34 CST,SOLVUSDT,SHORT,0.004468,0.004478,1260.0,-0.0126,LOSS,209.85
2026-05-08 03:45:14 CST,2026-05-08 06:25:05 CST,SOLVUSDT,SHORT,0.004468,0.004471,1348.0,-0.004,LOSS,159.84
2026-05-08 07:07:40 CST,2026-05-08 09:05:04 CST,SOLVUSDT,SHORT,0.004486,0.004494,1690.0,-0.0135,LOSS,117.39
2026-05-08 09:15:16 CST,2026-05-08 13:25:05 CST,SOLVUSDT,SHORT,0.004488,0.004506,1938.0,-0.0349,LOSS,249.8
2026-05-05 05:35:10 CST,2026-05-05 11:37:32 CST,JOEUSDT,SHORT,0.04836,0.04714,141.0,0.172,WIN,362.37
2026-05-06 08:15:12 CST,2026-05-06 09:47:36 CST,JOEUSDT,LONG,0.04848,0.04814,206.0,-0.07,LOSS,92.4
2026-05-06 11:07:43 CST,2026-05-06 16:35:02 CST,JOEUSDT,SHORT,0.04826,0.04831,14.0,-0.0007,LOSS,327.32
2026-05-06 11:07:43 CST,2026-05-06 16:35:02 CST,JOEUSDT,SHORT,0.04826,0.04832,193.0,-0.0116,LOSS,327.32
2026-05-07 12:32:43 CST,2026-05-07 14:05:06 CST,JOEUSDT,SHORT,0.04795,0.04827,141.0,-0.0451,LOSS,92.38
2026-05-08 09:52:40 CST,2026-05-08 11:25:06 CST,JOEUSDT,SHORT,0.04813,0.04841,124.0,-0.0347,LOSS,92.42
2026-05-05 17:45:10 CST,2026-05-05 19:17:37 CST,KERNELUSDT,SHORT,0.06227,0.06248,131.0,-0.0275,LOSS,92.43
2026-05-05 19:40:11 CST,2026-05-05 21:12:35 CST,KERNELUSDT,SHORT,0.06281,0.06316,92.0,-0.0322,LOSS,92.4
2026-05-05 23:05:13 CST,2026-05-06 04:20:03 CST,KERNELUSDT,SHORT,0.06379,0.06386,110.0,-0.0077,LOSS,314.84
2026-05-06 08:47:43 CST,2026-05-06 14:50:02 CST,KERNELUSDT,LONG,0.0632,0.06525,122.0,0.2501,WIN,362.32
2026-05-06 14:52:42 CST,2026-05-06 16:25:07 CST,KERNELUSDT,SHORT,0.06519,0.06568,153.0,-0.075,LOSS,92.42
2026-05-06 16:42:41 CST,2026-05-06 22:45:02 CST,KERNELUSDT,SHORT,0.06585,0.06264,151.0,0.4847,WIN,362.35
2026-05-06 23:25:14 CST,2026-05-07 00:57:37 CST,KERNELUSDT,SHORT,0.06288,0.06293,134.0,-0.0067,LOSS,92.39
2026-05-06 23:25:14 CST,2026-05-07 00:57:37 CST,KERNELUSDT,SHORT,0.06288,0.06294,13.0,-0.0008,LOSS,92.39
2026-05-06 23:25:14 CST,2026-05-07 00:57:37 CST,KERNELUSDT,SHORT,0.06288,0.06294,11.0,-0.0007,LOSS,92.39
2026-05-07 01:32:42 CST,2026-05-07 03:05:06 CST,KERNELUSDT,SHORT,0.06306,0.06357,158.0,-0.0806,LOSS,92.4
2026-05-07 05:45:12 CST,2026-05-07 07:45:07 CST,KERNELUSDT,SHORT,0.06406,0.06409,120.0,-0.0036,LOSS,119.91
2026-05-07 09:05:13 CST,2026-05-07 15:07:32 CST,KERNELUSDT,LONG,0.06328,0.06512,96.0,0.1766,WIN,362.32
2026-05-07 09:05:13 CST,2026-05-07 15:07:32 CST,KERNELUSDT,LONG,0.06328,0.0651,62.0,0.1128,WIN,362.32
2026-05-07 15:10:12 CST,2026-05-07 21:12:32 CST,KERNELUSDT,SHORT,0.06537,0.06512,96.0,0.024,WIN,362.33
2026-05-07 21:12:42 CST,2026-05-07 23:12:34 CST,KERNELUSDT,SHORT,0.06507,0.06508,17.0,-0.0002,LOSS,119.87
2026-05-07 21:12:42 CST,2026-05-07 23:12:34 CST,KERNELUSDT,SHORT,0.06507,0.06508,85.0,-0.0008,LOSS,119.87
2026-05-07 21:12:42 CST,2026-05-07 23:12:34 CST,KERNELUSDT,SHORT,0.06507,0.06508,16.0,-0.0002,LOSS,119.87
2026-05-06 22:07:42 CST,2026-05-07 04:10:02 CST,BANKUSDT,LONG,0.0337641,0.03559,205.0,0.3743,WIN,362.34
2026-05-07 04:35:11 CST,2026-05-07 07:15:04 CST,BANKUSDT,SHORT,0.03601,0.03621,183.0,-0.0366,LOSS,159.88
2026-05-07 07:27:41 CST,2026-05-07 08:32:52 CST,BANKUSDT,SHORT,0.03637,0.03785,228.0,-0.3374,LOSS,65.17
2026-05-07 08:47:43 CST,2026-05-07 09:29:44 CST,BANKUSDT,SHORT,0.03725613,0.03867,230.0,-0.3252,LOSS,42.0
2026-05-07 12:57:42 CST,2026-05-07 14:30:06 CST,BANKUSDT,SHORT,0.03832,0.03884,172.0,-0.0894,LOSS,92.41
2026-05-07 16:10:12 CST,2026-05-07 19:17:34 CST,BANKUSDT,SHORT,0.03888,0.03894,257.0,-0.0154,LOSS,187.37
2026-05-07 20:35:12 CST,2026-05-08 02:37:32 CST,BANKUSDT,SHORT,0.03914565,0.03728,239.0,0.4459,WIN,362.33
2026-05-08 03:27:41 CST,2026-05-08 06:47:33 CST,BANKUSDT,SHORT,0.03765,0.03779,257.0,-0.036,LOSS,199.88
